subjID	social_distance	amount_self	amount_default	amount_other	choice	totalFairseq	SD_like	SD_likeRaw
1	1	37	20	20	1	1	1	1
1	10	37	20	20	1	1	0.85	14
1	20	25	20	20	0	1	0.71	28
1	100	37	20	20	0	1	0.01	97
1	5	37	20	20	1	1	0.9	9
1	50	43	20	20	0	1	0.44	55
1	10	43	20	20	1	1	0.85	14
1	5	31	20	20	1	1	0.9	9
1	1	19	20	20	1	1	1	1
1	100	31	20	20	0	1	0.01	97
1	20	31	20	20	0	1	0.71	28
1	50	25	20	20	0	1	0.44	55
1	100	19	20	20	0	1	0.01	97
1	50	19	20	20	0	1	0.44	55
1	10	19	20	20	1	1	0.85	14
1	5	25	20	20	1	1	0.9	9
1	20	37	20	20	0	1	0.71	28
1	1	25	20	20	1	1	1	1
1	20	43	20	20	1	1	0.71	28
1	10	31	20	20	1	1	0.85	14
1	5	19	20	20	1	1	0.9	9
1	1	31	20	20	1	1	1	1
1	50	31	20	20	0	1	0.44	55
1	100	25	20	20	0	1	0.01	97
1	1	43	20	20	1	1	1	1
1	10	25	20	20	1	1	0.85	14
1	100	43	20	20	0	1	0.01	97
1	50	37	20	20	0	1	0.44	55
1	5	43	20	20	1	1	0.9	9
1	20	19	20	20	0	1	0.71	28
1	50	37	20	20	0	1	0.44	55
1	5	37	20	20	1	1	0.9	9
1	100	37	20	20	0	1	0.01	97
1	10	31	20	20	1	1	0.85	14
1	1	25	20	20	1	1	1	1
1	20	31	20	20	0	1	0.71	28
1	50	25	20	20	0	1	0.44	55
1	5	19	20	20	1	1	0.9	9
1	10	43	20	20	1	1	0.85	14
1	1	37	20	20	1	1	1	1
1	100	31	20	20	0	1	0.01	97
1	20	43	20	20	0	1	0.71	28
1	10	19	20	20	1	1	0.85	14
1	100	25	20	20	0	1	0.01	97
1	20	19	20	20	0	1	0.71	28
1	50	31	20	20	1	1	0.44	55
1	5	25	20	20	1	1	0.9	9
1	1	19	20	20	1	1	1	1
1	1	43	20	20	1	1	1	1
1	20	25	20	20	0	1	0.71	28
1	50	19	20	20	0	1	0.44	55
1	5	43	20	20	1	1	0.9	9
1	100	43	20	20	0	1	0.01	97
1	10	37	20	20	1	1	0.85	14
1	50	43	20	20	0	1	0.44	55
1	1	31	20	20	1	1	1	1
1	100	19	20	20	0	1	0.01	97
1	20	37	20	20	0	1	0.71	28
1	5	31	20	20	1	1	0.9	9
1	10	25	20	20	1	1	0.85	14
1	1	19	10	30	1	0	1	1
1	5	31	10	30	0	0	0.9	9
1	10	37	10	30	0	0	0.85	14
1	100	25	10	30	0	0	0.01	97
1	50	37	10	30	0	0	0.44	55
1	20	25	10	30	0	0	0.71	28
1	100	31	10	30	0	0	0.01	97
1	10	19	10	30	0	0	0.85	14
1	50	19	10	30	0	0	0.44	55
1	1	43	10	30	1	0	1	1
1	5	19	10	30	0	0	0.9	9
1	20	31	10	30	0	0	0.71	28
1	50	25	10	30	0	0	0.44	55
1	20	37	10	30	0	0	0.71	28
1	5	37	10	30	0	0	0.9	9
1	10	31	10	30	1	0	0.85	14
1	100	43	10	30	0	0	0.01	97
1	1	25	10	30	1	0	1	1
1	5	43	10	30	1	0	0.9	9
1	20	43	10	30	0	0	0.71	28
1	10	25	10	30	0	0	0.85	14
1	50	31	10	30	0	0	0.44	55
1	1	31	10	30	1	0	1	1
1	100	37	10	30	0	0	0.01	97
1	50	43	10	30	0	0	0.44	55
1	1	37	10	30	1	0	1	1
1	20	19	10	30	0	0	0.71	28
1	10	43	10	30	0	0	0.85	14
1	100	19	10	30	0	0	0.01	97
1	5	25	10	30	0	0	0.9	9
1	100	19	10	30	0	0	0.01	97
1	5	31	10	30	0	0	0.9	9
1	50	25	10	30	0	0	0.44	55
1	10	25	10	30	0	0	0.85	14
1	1	25	10	30	1	0	1	1
1	20	31	10	30	0	0	0.71	28
1	1	19	10	30	1	0	1	1
1	10	19	10	30	0	0	0.85	14
1	20	19	10	30	0	0	0.71	28
1	5	37	10	30	1	0	0.9	9
1	50	31	10	30	0	0	0.44	55
1	100	31	10	30	0	0	0.01	97
1	10	31	10	30	0	0	0.85	14
1	20	37	10	30	0	0	0.71	28
1	1	37	10	30	1	0	1	1
1	5	43	10	30	0	0	0.9	9
1	100	25	10	30	0	0	0.01	97
1	50	37	10	30	0	0	0.44	55
1	50	43	10	30	0	0	0.44	55
1	20	43	10	30	1	0	0.71	28
1	100	43	10	30	0	0	0.01	97
1	10	37	10	30	0	0	0.85	14
1	1	43	10	30	1	0	1	1
1	5	19	10	30	0	0	0.9	9
1	50	19	10	30	0	0	0.44	55
1	20	25	10	30	0	0	0.71	28
1	5	25	10	30	0	0	0.9	9
1	1	31	10	30	1	0	1	1
1	100	37	10	30	0	0	0.01	97
1	10	43	10	30	0	0	0.85	14
2	10	37	10	30	0	0	0.7	29
2	50	19	10	30	0	0	0.1	89
2	1	25	10	30	1	0	1	1
2	100	25	10	30	0	0	0.01	97
2	5	37	10	30	1	0	0.95	4
2	20	19	10	30	0	0	0.3	69
2	10	25	10	30	0	0	0.7	29
2	100	19	10	30	0	0	0.01	97
2	50	25	10	30	0	0	0.1	89
2	20	43	10	30	0	0	0.3	69
2	5	25	10	30	1	0	0.95	4
2	1	31	10	30	1	0	1	1
2	1	37	10	30	1	0	1	1
2	100	37	10	30	0	0	0.01	97
2	20	31	10	30	0	0	0.3	69
2	10	43	10	30	1	0	0.7	29
2	5	43	10	30	1	0	0.95	4
2	50	31	10	30	0	0	0.1	89
2	10	19	10	30	0	0	0.7	29
2	5	19	10	30	1	0	0.95	4
2	50	37	10	30	0	0	0.1	89
2	20	25	10	30	0	0	0.3	69
2	100	31	10	30	0	0	0.01	97
2	1	19	10	30	1	0	1	1
2	5	31	10	30	1	0	0.95	4
2	10	31	10	30	1	0	0.7	29
2	100	43	10	30	0	0	0.01	97
2	1	43	10	30	1	0	1	1
2	20	37	10	30	0	0	0.3	69
2	50	43	10	30	0	0	0.1	89
2	10	19	10	30	1	0	0.7	29
2	100	31	10	30	0	0	0.01	97
2	50	31	10	30	0	0	0.1	89
2	20	25	10	30	0	0	0.3	69
2	1	31	10	30	1	0	1	1
2	5	31	10	30	1	0	0.95	4
2	5	43	10	30	1	0	0.95	4
2	1	37	10	30	1	0	1	1
2	50	25	10	30	0	0	0.1	89
2	100	25	10	30	0	0	0.01	97
2	10	31	10	30	0	0	0.7	29
2	20	37	10	30	0	0	0.3	69
2	10	43	10	30	0	0	0.7	29
2	1	25	10	30	1	0	1	1
2	100	43	10	30	0	0	0.01	97
2	5	19	10	30	1	0	0.95	4
2	50	37	10	30	0	0	0.1	89
2	20	19	10	30	0	0	0.3	69
2	10	25	10	30	0	0	0.7	29
2	50	19	10	30	0	0	0.1	89
2	1	19	10	30	1	0	1	1
2	5	37	10	30	1	0	0.95	4
2	20	31	10	30	0	0	0.3	69
2	100	37	10	30	0	0	0.01	97
2	100	19	10	30	0	0	0.01	97
2	20	43	10	30	0	0	0.3	69
2	50	43	10	30	0	0	0.1	89
2	10	37	10	30	0	0	0.7	29
2	1	43	10	30	1	0	1	1
2	5	25	10	30	1	0	0.95	4
2	50	25	20	20	0	1	0.1	89
2	5	25	20	20	1	1	0.95	4
2	100	43	20	20	0	1	0.01	97
2	1	19	20	20	1	1	1	1
2	20	43	20	20	0	1	0.3	69
2	10	43	20	20	0	1	0.7	29
2	10	37	20	20	0	1	0.7	29
2	20	31	20	20	0	1	0.3	69
2	50	37	20	20	0	1	0.1	89
2	1	31	20	20	1	1	1	1
2	5	31	20	20	1	1	0.95	4
2	100	31	20	20	0	1	0.01	97
2	20	19	20	20	0	1	0.3	69
2	10	25	20	20	1	1	0.7	29
2	100	19	20	20	0	1	0.01	97
2	50	19	20	20	0	1	0.1	89
2	1	37	20	20	1	1	1	1
2	5	37	20	20	1	1	0.95	4
2	20	25	20	20	0	1	0.3	69
2	5	19	20	20	1	1	0.95	4
2	10	31	20	20	0	1	0.7	29
2	100	37	20	20	0	1	0.01	97
2	1	43	20	20	1	1	1	1
2	50	31	20	20	0	1	0.1	89
2	10	19	20	20	0	1	0.7	29
2	50	43	20	20	0	1	0.1	89
2	1	25	20	20	1	1	1	1
2	5	43	20	20	1	1	0.95	4
2	20	37	20	20	0	1	0.3	69
2	100	25	20	20	0	1	0.01	97
2	10	19	20	20	0	1	0.7	29
2	50	19	20	20	0	1	0.1	89
2	5	31	20	20	1	1	0.95	4
2	20	25	20	20	0	1	0.3	69
2	1	37	20	20	1	1	1	1
2	100	37	20	20	0	1	0.01	97
2	5	43	20	20	1	1	0.95	4
2	50	37	20	20	0	1	0.1	89
2	100	31	20	20	0	1	0.01	97
2	1	25	20	20	1	1	1	1
2	10	43	20	20	0	1	0.7	29
2	20	37	20	20	0	1	0.3	69
2	10	31	20	20	0	1	0.7	29
2	100	25	20	20	0	1	0.01	97
2	50	43	20	20	0	1	0.1	89
2	1	31	20	20	1	1	1	1
2	20	19	20	20	0	1	0.3	69
2	5	25	20	20	0	1	0.95	4
2	10	37	20	20	0	1	0.7	29
2	100	19	20	20	0	1	0.01	97
2	5	37	20	20	1	1	0.95	4
2	1	43	20	20	1	1	1	1
2	50	31	20	20	0	1	0.1	89
2	20	43	20	20	0	1	0.3	69
2	100	43	20	20	0	1	0.01	97
2	5	19	20	20	1	1	0.95	4
2	10	25	20	20	0	1	0.7	29
2	20	31	20	20	0	1	0.3	69
2	1	19	20	20	1	1	1	1
2	50	25	20	20	0	1	0.1	89
3	5	31	10	30	0	0	0.74	24
3	10	43	10	30	0	0	0.58	39
3	50	37	10	30	0	0	0	93
3	1	37	10	30	1	0	1	1
3	100	43	10	30	0	0	0	93
3	20	43	10	30	0	0	0.42	54
3	5	43	10	30	0	0	0.74	24
3	50	25	10	30	0	0	0	93
3	1	19	10	30	1	0	1	1
3	20	37	10	30	0	0	0.42	54
3	100	19	10	30	0	0	0	93
3	10	31	10	30	0	0	0.58	39
3	50	31	10	30	0	0	0	93
3	100	37	10	30	0	0	0	93
3	20	19	10	30	0	0	0.42	54
3	10	37	10	30	0	0	0.58	39
3	1	43	10	30	1	0	1	1
3	5	19	10	30	0	0	0.74	24
3	20	25	10	30	0	0	0.42	54
3	100	25	10	30	0	0	0	93
3	1	25	10	30	1	0	1	1
3	10	19	10	30	0	0	0.58	39
3	5	25	10	30	0	0	0.74	24
3	50	43	10	30	0	0	0	93
3	5	37	10	30	0	0	0.74	24
3	1	31	10	30	1	0	1	1
3	20	31	10	30	0	0	0.42	54
3	10	25	10	30	0	0	0.58	39
3	50	19	10	30	0	0	0	93
3	100	31	10	30	0	0	0	93
3	100	31	20	20	0	1	0	93
3	10	31	20	20	1	1	0.58	39
3	50	19	20	20	0	1	0	93
3	5	31	20	20	1	1	0.74	24
3	1	31	20	20	1	1	1	1
3	20	43	20	20	0	1	0.42	54
3	100	43	20	20	0	1	0	93
3	5	19	20	20	1	1	0.74	24
3	10	37	20	20	1	1	0.58	39
3	20	37	20	20	0	1	0.42	54
3	1	37	20	20	1	1	1	1
3	50	25	20	20	0	1	0	93
3	1	25	20	20	1	1	1	1
3	100	19	20	20	0	1	0	93
3	5	43	20	20	1	1	0.74	24
3	50	37	20	20	0	1	0	93
3	20	19	20	20	0	1	0.42	54
3	10	43	20	20	1	1	0.58	39
3	100	37	20	20	0	1	0	93
3	1	43	20	20	1	1	1	1
3	10	25	20	20	1	1	0.58	39
3	5	37	20	20	1	1	0.74	24
3	50	43	20	20	0	1	0	93
3	20	31	20	20	0	1	0.42	54
3	10	19	20	20	1	1	0.58	39
3	50	31	20	20	0	1	0	93
3	100	25	20	20	0	1	0	93
3	20	25	20	20	0	1	0.42	54
3	1	19	20	20	1	1	1	1
3	5	25	20	20	1	1	0.74	24
3	5	37	20	20	1	1	0.74	24
3	10	19	20	20	1	1	0.58	39
3	100	19	20	20	0	1	0	93
3	50	25	20	20	0	1	0	93
3	1	19	20	20	1	1	1	1
3	20	19	20	20	0	1	0.42	54
3	10	31	20	20	1	1	0.58	39
3	100	25	20	20	0	1	0	93
3	20	43	20	20	0	1	0.42	54
3	50	19	20	20	0	1	0	93
3	1	31	20	20	1	1	1	1
3	5	19	20	20	1	1	0.74	24
3	5	43	20	20	1	1	0.74	24
3	20	31	20	20	0	1	0.42	54
3	1	37	20	20	1	1	1	1
3	100	31	20	20	0	1	0	93
3	10	25	20	20	1	1	0.58	39
3	50	31	20	20	0	1	0	93
3	5	31	20	20	1	1	0.74	24
3	10	37	20	20	1	1	0.58	39
3	20	25	20	20	0	1	0.42	54
3	100	37	20	20	0	1	0	93
3	50	43	20	20	0	1	0	93
3	1	43	20	20	1	1	1	1
3	1	25	20	20	1	1	1	1
3	5	25	20	20	1	1	0.74	24
3	100	43	20	20	0	1	0	93
3	10	43	20	20	1	1	0.58	39
3	20	37	20	20	0	1	0.42	54
3	50	37	20	20	0	1	0	93
3	5	37	10	30	0	0	0.74	24
3	100	31	10	30	0	0	0	93
3	20	25	10	30	0	0	0.42	54
3	50	19	10	30	0	0	0	93
3	1	37	10	30	1	0	1	1
3	10	37	10	30	0	0	0.58	39
3	1	43	10	30	1	0	1	1
3	5	19	10	30	0	0	0.74	24
3	50	25	10	30	0	0	0	93
3	20	43	10	30	0	0	0.42	54
3	100	43	10	30	0	0	0	93
3	10	43	10	30	0	0	0.58	39
3	5	43	10	30	0	0	0.74	24
3	50	37	10	30	0	0	0	93
3	1	25	10	30	1	0	1	1
3	20	19	10	30	0	0	0.42	54
3	100	19	10	30	0	0	0	93
3	10	19	10	30	0	0	0.58	39
3	1	19	10	30	1	0	1	1
3	100	25	10	30	0	0	0	93
3	50	31	10	30	0	0	0	93
3	10	31	10	30	0	0	0.58	39
3	5	31	10	30	0	0	0.74	24
3	20	37	10	30	0	0	0.42	54
3	100	37	10	30	0	0	0	93
3	50	43	10	30	0	0	0	93
3	10	25	10	30	0	0	0.58	39
3	20	31	10	30	0	0	0.42	54
3	1	31	10	30	1	0	1	1
3	5	25	10	30	0	0	0.74	24
4	10	37	20	20	1	1	0.88	11
4	50	43	20	20	0	1	0.43	54
4	5	43	20	20	1	1	0.96	3
4	1	31	20	20	1	1	1	1
4	20	31	20	20	0	1	0.79	19
4	100	31	20	20	0	1	0.06	89
4	100	25	20	20	0	1	0.06	89
4	5	19	20	20	0	1	0.96	3
4	10	25	20	20	0	1	0.88	11
4	20	19	20	20	0	1	0.79	19
4	1	37	20	20	1	1	1	1
4	50	19	20	20	0	1	0.43	54
4	20	25	20	20	0	1	0.79	19
4	1	19	20	20	0	1	1	1
4	10	43	20	20	1	1	0.88	11
4	5	31	20	20	1	1	0.96	3
4	100	43	20	20	0	1	0.06	89
4	50	25	20	20	0	1	0.43	54
4	10	31	20	20	1	1	0.88	11
4	20	43	20	20	1	1	0.79	19
4	100	19	20	20	0	1	0.06	89
4	5	37	20	20	1	1	0.96	3
4	1	43	20	20	1	1	1	1
4	50	37	20	20	0	1	0.43	54
4	20	37	20	20	1	1	0.79	19
4	1	25	20	20	1	1	1	1
4	5	25	20	20	1	1	0.96	3
4	100	37	20	20	0	1	0.06	89
4	50	31	20	20	0	1	0.43	54
4	10	19	20	20	0	1	0.88	11
4	20	31	20	20	1	1	0.79	19
4	50	31	20	20	0	1	0.43	54
4	10	25	20	20	1	1	0.88	11
4	5	31	20	20	1	1	0.96	3
4	100	25	20	20	0	1	0.06	89
4	1	37	20	20	1	1	1	1
4	5	43	20	20	1	1	0.96	3
4	50	19	20	20	0	1	0.43	54
4	1	43	20	20	1	1	1	1
4	10	31	20	20	1	1	0.88	11
4	20	37	20	20	1	1	0.79	19
4	100	19	20	20	0	1	0.06	89
4	20	19	20	20	0	1	0.79	19
4	50	25	20	20	0	1	0.43	54
4	10	19	20	20	0	1	0.88	11
4	100	31	20	20	0	1	0.06	89
4	5	25	20	20	1	1	0.96	3
4	1	31	20	20	1	1	1	1
4	20	25	20	20	1	1	0.79	19
4	100	43	20	20	0	1	0.06	89
4	10	43	20	20	1	1	0.88	11
4	5	19	20	20	0	1	0.96	3
4	1	25	20	20	1	1	1	1
4	50	37	20	20	0	1	0.43	54
4	100	37	20	20	0	1	0.06	89
4	20	43	20	20	1	1	0.79	19
4	5	37	20	20	1	1	0.96	3
4	50	43	20	20	0	1	0.43	54
4	1	19	20	20	1	1	1	1
4	10	37	20	20	1	1	0.88	11
4	1	43	10	30	1	0	1	1
4	20	43	10	30	1	0	0.79	19
4	100	25	10	30	0	0	0.06	89
4	10	25	10	30	1	0	0.88	11
4	50	25	10	30	0	0	0.43	54
4	5	25	10	30	1	0	0.96	3
4	20	19	10	30	0	0	0.79	19
4	10	43	10	30	1	0	0.88	11
4	5	43	10	30	1	0	0.96	3
4	50	43	10	30	0	0	0.43	54
4	1	19	10	30	1	0	1	1
4	100	31	10	30	0	0	0.06	89
4	10	37	10	30	1	0	0.88	11
4	1	37	10	30	1	0	1	1
4	20	37	10	30	1	0	0.79	19
4	50	37	10	30	0	0	0.43	54
4	5	19	10	30	0	0	0.96	3
4	100	43	10	30	0	0	0.06	89
4	5	31	10	30	1	0	0.96	3
4	1	25	10	30	1	0	1	1
4	100	19	10	30	0	0	0.06	89
4	20	31	10	30	1	0	0.79	19
4	50	19	10	30	0	0	0.43	54
4	10	19	10	30	0	0	0.88	11
4	20	25	10	30	1	0	0.79	19
4	5	37	10	30	1	0	0.96	3
4	100	37	10	30	0	0	0.06	89
4	10	31	10	30	1	0	0.88	11
4	50	31	10	30	0	0	0.43	54
4	1	31	10	30	1	0	1	1
4	20	43	10	30	1	0	0.79	19
4	50	37	10	30	0	0	0.43	54
4	100	43	10	30	0	0	0.06	89
4	1	43	10	30	1	0	1	1
4	10	19	10	30	1	0	0.88	11
4	5	25	10	30	1	0	0.96	3
4	50	19	10	30	0	0	0.43	54
4	10	37	10	30	1	0	0.88	11
4	5	43	10	30	1	0	0.96	3
4	20	31	10	30	1	0	0.79	19
4	100	31	10	30	0	0	0.06	89
4	1	37	10	30	1	0	1	1
4	20	25	10	30	1	0	0.79	19
4	1	19	10	30	1	0	1	1
4	5	31	10	30	1	0	0.96	3
4	50	25	10	30	0	0	0.43	54
4	100	37	10	30	0	0	0.06	89
4	10	25	10	30	1	0	0.88	11
4	1	31	10	30	1	0	1	1
4	100	25	10	30	0	0	0.06	89
4	5	19	10	30	1	0	0.96	3
4	50	31	10	30	0	0	0.43	54
4	10	43	10	30	1	0	0.88	11
4	20	37	10	30	1	0	0.79	19
4	50	43	10	30	0	0	0.43	54
4	1	25	10	30	1	0	1	1
4	100	19	10	30	0	0	0.06	89
4	5	37	10	30	1	0	0.96	3
4	10	31	10	30	1	0	0.88	11
4	20	19	10	30	1	0	0.79	19
5	5	31	10	30	0	0	0.89	9
5	10	37	10	30	0	0	0.84	14
5	100	37	10	30	0	0	0	93
5	20	31	10	30	0	0	0.42	54
5	1	25	10	30	1	0	1	1
5	50	25	10	30	0	0	0.05	89
5	100	25	10	30	0	0	0	93
5	5	37	10	30	1	0	0.89	9
5	10	31	10	30	0	0	0.84	14
5	20	43	10	30	0	0	0.42	54
5	50	43	10	30	0	0	0.05	89
5	1	19	10	30	1	0	1	1
5	100	19	10	30	0	0	0	93
5	20	37	10	30	0	0	0.42	54
5	50	19	10	30	0	0	0.05	89
5	1	31	10	30	1	0	1	1
5	5	43	10	30	1	0	0.89	9
5	10	19	10	30	0	0	0.84	14
5	1	43	10	30	1	0	1	1
5	50	37	10	30	0	0	0.05	89
5	5	25	10	30	0	0	0.89	9
5	20	19	10	30	0	0	0.42	54
5	100	31	10	30	0	0	0	93
5	10	43	10	30	0	0	0.84	14
5	5	19	10	30	0	0	0.89	9
5	1	37	10	30	1	0	1	1
5	50	31	10	30	0	0	0.05	89
5	20	25	10	30	0	0	0.42	54
5	10	25	10	30	0	0	0.84	14
5	100	43	10	30	0	0	0	93
5	20	31	10	30	0	0	0.42	54
5	10	37	10	30	0	0	0.84	14
5	100	43	10	30	0	0	0	93
5	50	31	10	30	0	0	0.05	89
5	1	43	10	30	1	0	1	1
5	5	31	10	30	0	0	0.89	9
5	10	19	10	30	0	0	0.84	14
5	5	25	10	30	0	0	0.89	9
5	100	19	10	30	0	0	0	93
5	50	25	10	30	0	0	0.05	89
5	20	43	10	30	0	0	0.42	54
5	1	25	10	30	1	0	1	1
5	100	31	10	30	0	0	0	93
5	10	43	10	30	0	0	0.84	14
5	1	37	10	30	1	0	1	1
5	50	43	10	30	0	0	0.05	89
5	20	37	10	30	0	0	0.42	54
5	5	37	10	30	1	0	0.89	9
5	100	25	10	30	0	0	0	93
5	20	19	10	30	0	0	0.42	54
5	1	19	10	30	1	0	1	1
5	5	43	10	30	1	0	0.89	9
5	50	37	10	30	0	0	0.05	89
5	10	25	10	30	0	0	0.84	14
5	20	25	10	30	0	0	0.42	54
5	5	19	10	30	0	0	0.89	9
5	50	19	10	30	0	0	0.05	89
5	10	31	10	30	0	0	0.84	14
5	1	31	10	30	1	0	1	1
5	100	37	10	30	0	0	0	93
5	20	31	20	20	0	1	0.42	54
5	5	31	20	20	1	1	0.89	9
5	10	43	20	20	0	1	0.84	14
5	1	31	20	20	1	1	1	1
5	50	43	20	20	0	1	0.05	89
5	100	37	20	20	0	1	0	93
5	20	37	20	20	0	1	0.42	54
5	100	19	20	20	1	1	0	93
5	10	25	20	20	0	1	0.84	14
5	5	43	20	20	0	1	0.89	9
5	50	37	20	20	0	1	0.05	89
5	1	43	20	20	1	1	1	1
5	5	19	20	20	1	1	0.89	9
5	50	31	20	20	0	1	0.05	89
5	10	19	20	20	1	1	0.84	14
5	20	19	20	20	1	1	0.42	54
5	1	19	20	20	1	1	1	1
5	100	25	20	20	0	1	0	93
5	10	37	20	20	0	1	0.84	14
5	5	25	20	20	1	1	0.89	9
5	50	25	20	20	0	1	0.05	89
5	1	25	20	20	1	1	1	1
5	20	25	20	20	0	1	0.42	54
5	100	31	20	20	0	1	0	93
5	50	19	20	20	1	1	0.05	89
5	100	43	20	20	0	1	0	93
5	20	43	20	20	0	1	0.42	54
5	1	37	20	20	1	1	1	1
5	10	31	20	20	0	1	0.84	14
5	5	37	20	20	0	1	0.89	9
5	1	37	20	20	1	1	1	1
5	5	43	20	20	0	1	0.89	9
5	10	37	20	20	0	1	0.84	14
5	50	37	20	20	0	1	0.05	89
5	100	31	20	20	0	1	0	93
5	20	43	20	20	0	1	0.42	54
5	1	43	20	20	1	1	1	1
5	100	37	20	20	0	1	0	93
5	50	19	20	20	1	1	0.05	89
5	20	37	20	20	0	1	0.42	54
5	10	19	20	20	1	1	0.84	14
5	5	19	20	20	1	1	0.89	9
5	10	25	20	20	1	1	0.84	14
5	20	19	20	20	1	1	0.42	54
5	100	25	20	20	0	1	0	93
5	1	25	20	20	1	1	1	1
5	50	43	20	20	0	1	0.05	89
5	5	31	20	20	1	1	0.89	9
5	1	31	20	20	1	1	1	1
5	5	25	20	20	1	1	0.89	9
5	10	31	20	20	0	1	0.84	14
5	50	25	20	20	0	1	0.05	89
5	20	25	20	20	0	1	0.42	54
5	100	43	20	20	0	1	0	93
5	100	19	20	20	1	1	0	93
5	5	37	20	20	0	1	0.89	9
5	20	31	20	20	0	1	0.42	54
5	10	43	20	20	0	1	0.84	14
5	1	19	20	20	1	1	1	1
5	50	31	20	20	0	1	0.05	89
6	50	43	20	20	0	1	0.67	29
6	10	25	20	20	1	1	0.97	2
6	100	19	20	20	0	1	0.56	38
6	5	19	20	20	1	1	1	1
6	1	19	20	20	1	1	1	1
6	20	31	20	20	1	1	0.89	9
6	5	25	20	20	1	1	1	1
6	1	37	20	20	1	1	1	1
6	100	37	20	20	0	1	0.56	38
6	50	37	20	20	0	1	0.67	29
6	10	19	20	20	1	1	0.97	2
6	20	43	20	20	1	1	0.89	9
6	10	43	20	20	1	1	0.97	2
6	50	31	20	20	0	1	0.67	29
6	100	25	20	20	0	1	0.56	38
6	20	19	20	20	1	1	0.89	9
6	5	37	20	20	1	1	1	1
6	1	25	20	20	0	1	1	1
6	10	31	20	20	1	1	0.97	2
6	5	43	20	20	1	1	1	1
6	50	19	20	20	0	1	0.67	29
6	100	43	20	20	0	1	0.56	38
6	20	37	20	20	1	1	0.89	9
6	1	31	20	20	1	1	1	1
6	10	37	20	20	1	1	0.97	2
6	50	25	20	20	0	1	0.67	29
6	20	25	20	20	1	1	0.89	9
6	100	31	20	20	0	1	0.56	38
6	1	43	20	20	1	1	1	1
6	5	31	20	20	1	1	1	1
6	5	19	20	20	1	1	1	1
6	20	31	20	20	1	1	0.89	9
6	50	43	20	20	0	1	0.67	29
6	1	37	20	20	1	1	1	1
6	10	43	20	20	1	1	0.97	2
6	100	31	20	20	0	1	0.56	38
6	100	37	20	20	0	1	0.56	38
6	10	19	20	20	1	1	0.97	2
6	5	25	20	20	1	1	1	1
6	20	19	20	20	1	1	0.89	9
6	50	19	20	20	0	1	0.67	29
6	1	25	20	20	1	1	1	1
6	10	37	20	20	1	1	0.97	2
6	100	25	20	20	0	1	0.56	38
6	5	31	20	20	1	1	1	1
6	50	37	20	20	0	1	0.67	29
6	1	19	20	20	1	1	1	1
6	20	43	20	20	1	1	0.89	9
6	20	25	20	20	1	1	0.89	9
6	50	31	20	20	0	1	0.67	29
6	1	43	20	20	1	1	1	1
6	10	31	20	20	1	1	0.97	2
6	100	43	20	20	0	1	0.56	38
6	5	37	20	20	1	1	1	1
6	100	19	20	20	0	1	0.56	38
6	10	25	20	20	1	1	0.97	2
6	20	37	20	20	1	1	0.89	9
6	5	43	20	20	1	1	1	1
6	1	31	20	20	1	1	1	1
6	50	25	20	20	0	1	0.67	29
6	5	31	10	30	0	0	1	1
6	20	31	10	30	0	0	0.89	9
6	50	43	10	30	0	0	0.67	29
6	10	25	10	30	0	0	0.97	2
6	1	37	10	30	0	0	1	1
6	100	31	10	30	0	0	0.56	38
6	20	37	10	30	0	0	0.89	9
6	10	43	10	30	0	0	0.97	2
6	100	25	10	30	0	0	0.56	38
6	1	31	10	30	0	0	1	1
6	5	19	10	30	1	0	1	1
6	50	31	10	30	0	0	0.67	29
6	5	43	10	30	0	0	1	1
6	20	19	10	30	1	0	0.89	9
6	100	19	10	30	0	0	0.56	38
6	10	31	10	30	0	0	0.97	2
6	50	19	10	30	0	0	0.67	29
6	1	19	10	30	1	0	1	1
6	20	25	10	30	0	0	0.89	9
6	100	43	10	30	0	0	0.56	38
6	50	25	10	30	0	0	0.67	29
6	10	19	10	30	1	0	0.97	2
6	5	25	10	30	0	0	1	1
6	1	25	10	30	0	0	1	1
6	10	37	10	30	0	0	0.97	2
6	1	43	10	30	0	0	1	1
6	100	37	10	30	0	0	0.56	38
6	50	37	10	30	0	0	0.67	29
6	5	37	10	30	0	0	1	1
6	20	43	10	30	0	0	0.89	9
6	100	31	10	30	0	0	0.56	38
6	1	19	10	30	1	0	1	1
6	10	31	10	30	0	0	0.97	2
6	5	19	10	30	1	0	1	1
6	50	37	10	30	0	0	0.67	29
6	20	25	10	30	1	0	0.89	9
6	10	43	10	30	0	0	0.97	2
6	5	31	10	30	0	0	1	1
6	100	43	10	30	0	0	0.56	38
6	1	31	10	30	0	0	1	1
6	50	43	10	30	0	0	0.67	29
6	20	31	10	30	0	0	0.89	9
6	20	37	10	30	0	0	0.89	9
6	10	37	10	30	0	0	0.97	2
6	1	25	10	30	1	0	1	1
6	100	37	10	30	0	0	0.56	38
6	50	31	10	30	0	0	0.67	29
6	5	43	10	30	0	0	1	1
6	1	37	10	30	0	0	1	1
6	20	43	10	30	0	0	0.89	9
6	100	25	10	30	0	0	0.56	38
6	50	19	10	30	0	0	0.67	29
6	10	19	10	30	1	0	0.97	2
6	5	37	10	30	0	0	1	1
6	5	25	10	30	1	0	1	1
6	1	43	10	30	0	0	1	1
6	50	25	10	30	0	0	0.67	29
6	10	25	10	30	1	0	0.97	2
6	100	19	10	30	0	0	0.56	38
6	20	19	10	30	1	0	0.89	9
7	5	37	20	20	1	1	0.8	19
7	100	31	20	20	0	1	0	98
7	50	31	20	20	0	1	0.15	84
7	10	43	20	20	1	1	0.6	39
7	20	31	20	20	0	1	0.3	69
7	1	25	20	20	1	1	1	1
7	100	25	20	20	0	1	0	98
7	5	31	20	20	1	1	0.8	19
7	1	37	20	20	1	1	1	1
7	50	43	20	20	0	1	0.15	84
7	10	19	20	20	1	1	0.6	39
7	20	37	20	20	0	1	0.3	69
7	1	19	20	20	1	1	1	1
7	100	19	20	20	0	1	0	98
7	50	25	20	20	0	1	0.15	84
7	5	25	20	20	1	1	0.8	19
7	10	37	20	20	1	1	0.6	39
7	20	19	20	20	0	1	0.3	69
7	10	31	20	20	1	1	0.6	39
7	100	43	20	20	0	1	0	98
7	1	31	20	20	1	1	1	1
7	5	19	20	20	1	1	0.8	19
7	20	25	20	20	0	1	0.3	69
7	50	19	20	20	0	1	0.15	84
7	10	25	20	20	1	1	0.6	39
7	1	43	20	20	1	1	1	1
7	5	43	20	20	1	1	0.8	19
7	50	37	20	20	0	1	0.15	84
7	100	37	20	20	0	1	0	98
7	20	43	20	20	0	1	0.3	69
7	10	43	10	30	1	0	0.6	39
7	20	19	10	30	0	0	0.3	69
7	50	25	10	30	0	0	0.15	84
7	1	43	10	30	1	0	1	1
7	100	31	10	30	0	0	0	98
7	5	31	10	30	1	0	0.8	19
7	10	37	10	30	1	0	0.6	39
7	1	25	10	30	1	0	1	1
7	5	37	10	30	1	0	0.8	19
7	20	37	10	30	0	0	0.3	69
7	100	37	10	30	0	0	0	98
7	50	37	10	30	0	0	0.15	84
7	100	43	10	30	0	0	0	98
7	50	19	10	30	0	0	0.15	84
7	20	31	10	30	0	0	0.3	69
7	1	31	10	30	1	0	1	1
7	5	25	10	30	1	0	0.8	19
7	10	19	10	30	1	0	0.6	39
7	5	43	10	30	1	0	0.8	19
7	10	25	10	30	1	0	0.6	39
7	20	25	10	30	0	0	0.3	69
7	100	19	10	30	0	0	0	98
7	1	19	10	30	1	0	1	1
7	50	31	10	30	0	0	0.15	84
7	5	19	10	30	1	0	0.8	19
7	10	31	10	30	1	0	0.6	39
7	100	25	10	30	0	0	0	98
7	50	43	10	30	0	0	0.15	84
7	20	43	10	30	0	0	0.3	69
7	1	37	10	30	1	0	1	1
7	10	31	10	30	1	0	0.6	39
7	50	37	10	30	0	0	0.15	84
7	20	31	10	30	0	0	0.3	69
7	5	25	10	30	1	0	0.8	19
7	100	37	10	30	0	0	0	98
7	1	43	10	30	1	0	1	1
7	50	43	10	30	0	0	0.15	84
7	10	25	10	30	1	0	0.6	39
7	20	43	10	30	0	0	0.3	69
7	100	31	10	30	0	0	0	98
7	5	43	10	30	1	0	0.8	19
7	1	19	10	30	1	0	1	1
7	20	19	10	30	0	0	0.3	69
7	5	37	10	30	1	0	0.8	19
7	50	25	10	30	0	0	0.15	84
7	100	25	10	30	0	0	0	98
7	10	43	10	30	1	0	0.6	39
7	1	37	10	30	1	0	1	1
7	20	37	10	30	0	0	0.3	69
7	5	31	10	30	1	0	0.8	19
7	1	31	10	30	1	0	1	1
7	50	19	10	30	0	0	0.15	84
7	10	37	10	30	1	0	0.6	39
7	100	19	10	30	0	0	0	98
7	20	25	10	30	0	0	0.3	69
7	1	25	10	30	1	0	1	1
7	5	19	10	30	1	0	0.8	19
7	10	19	10	30	1	0	0.6	39
7	100	43	10	30	0	0	0	98
7	50	31	10	30	0	0	0.15	84
7	20	31	20	20	0	1	0.3	69
7	50	25	20	20	0	1	0.15	84
7	1	37	20	20	1	1	1	1
7	100	37	20	20	0	1	0	98
7	10	31	20	20	1	1	0.6	39
7	5	37	20	20	1	1	0.8	19
7	5	25	20	20	1	1	0.8	19
7	1	31	20	20	1	1	1	1
7	50	43	20	20	0	1	0.15	84
7	100	25	20	20	0	1	0	98
7	10	43	20	20	1	1	0.6	39
7	20	43	20	20	0	1	0.3	69
7	1	43	20	20	1	1	1	1
7	100	19	20	20	0	1	0	98
7	5	31	20	20	1	1	0.8	19
7	20	37	20	20	0	1	0.3	69
7	50	19	20	20	0	1	0.15	84
7	10	25	20	20	1	1	0.6	39
7	1	25	20	20	1	1	1	1
7	100	31	20	20	0	1	0	98
7	5	43	20	20	1	1	0.8	19
7	20	25	20	20	0	1	0.3	69
7	50	37	20	20	0	1	0.15	84
7	10	19	20	20	1	1	0.6	39
7	100	43	20	20	0	1	0	98
7	1	19	20	20	1	1	1	1
7	10	37	20	20	1	1	0.6	39
7	50	31	20	20	0	1	0.15	84
7	5	19	20	20	1	1	0.8	19
7	20	19	20	20	0	1	0.3	69
8	50	25	10	30	0	0	0.1	89
8	1	25	10	30	1	0	1	1
8	10	19	10	30	1	0	0.82	17
8	5	31	10	30	1	0	0.92	7
8	20	31	10	30	0	0	0.4	59
8	100	25	10	30	0	0	0.01	97
8	10	25	10	30	1	0	0.82	17
8	20	25	10	30	0	0	0.4	59
8	50	31	10	30	0	0	0.1	89
8	100	37	10	30	0	0	0.01	97
8	1	37	10	30	1	0	1	1
8	5	25	10	30	1	0	0.92	7
8	20	37	10	30	0	0	0.4	59
8	50	19	10	30	0	0	0.1	89
8	5	43	10	30	1	0	0.92	7
8	10	37	10	30	1	0	0.82	17
8	100	19	10	30	0	0	0.01	97
8	1	31	10	30	1	0	1	1
8	10	31	10	30	1	0	0.82	17
8	5	37	10	30	1	0	0.92	7
8	50	37	10	30	0	0	0.1	89
8	1	43	10	30	1	0	1	1
8	20	43	10	30	0	0	0.4	59
8	100	31	10	30	0	0	0.01	97
8	100	43	10	30	0	0	0.01	97
8	1	19	10	30	1	0	1	1
8	10	43	10	30	1	0	0.82	17
8	50	43	10	30	0	0	0.1	89
8	20	19	10	30	0	0	0.4	59
8	5	19	10	30	1	0	0.92	7
8	1	43	20	20	1	1	1	1
8	10	43	20	20	1	1	0.82	17
8	50	19	20	20	0	1	0.1	89
8	5	25	20	20	1	1	0.92	7
8	100	31	20	20	0	1	0.01	97
8	20	43	20	20	0	1	0.4	59
8	1	19	20	20	1	1	1	1
8	100	43	20	20	0	1	0.01	97
8	5	31	20	20	1	1	0.92	7
8	50	43	20	20	0	1	0.1	89
8	10	31	20	20	0	1	0.82	17
8	20	31	20	20	0	1	0.4	59
8	100	19	20	20	1	1	0.01	97
8	50	25	20	20	0	1	0.1	89
8	5	43	20	20	1	1	0.92	7
8	10	25	20	20	1	1	0.82	17
8	20	37	20	20	0	1	0.4	59
8	1	25	20	20	1	1	1	1
8	50	37	20	20	0	1	0.1	89
8	20	19	20	20	1	1	0.4	59
8	100	37	20	20	0	1	0.01	97
8	10	19	20	20	1	1	0.82	17
8	1	31	20	20	1	1	1	1
8	5	19	20	20	1	1	0.92	7
8	50	31	20	20	0	1	0.1	89
8	20	25	20	20	0	1	0.4	59
8	1	37	20	20	1	1	1	1
8	5	37	20	20	1	1	0.92	7
8	10	37	20	20	0	1	0.82	17
8	100	25	20	20	0	1	0.01	97
8	5	31	10	30	1	0	0.92	7
8	50	19	10	30	0	0	0.1	89
8	10	25	10	30	0	0	0.82	17
8	20	43	10	30	0	0	0.4	59
8	1	25	10	30	1	0	1	1
8	100	37	10	30	0	0	0.01	97
8	50	37	10	30	0	0	0.1	89
8	5	37	10	30	1	0	0.92	7
8	1	43	10	30	0	0	1	1
8	20	37	10	30	0	0	0.4	59
8	100	43	10	30	0	0	0.01	97
8	10	37	10	30	0	0	0.82	17
8	10	19	10	30	0	0	0.82	17
8	100	25	10	30	0	0	0.01	97
8	5	19	10	30	1	0	0.92	7
8	1	37	10	30	1	0	1	1
8	50	25	10	30	0	0	0.1	89
8	20	19	10	30	0	0	0.4	59
8	5	25	10	30	1	0	0.92	7
8	1	31	10	30	1	0	1	1
8	100	19	10	30	0	0	0.01	97
8	50	31	10	30	0	0	0.1	89
8	20	31	10	30	0	0	0.4	59
8	10	31	10	30	0	0	0.82	17
8	20	25	10	30	0	0	0.4	59
8	5	43	10	30	0	0	0.92	7
8	10	43	10	30	0	0	0.82	17
8	100	31	10	30	0	0	0.01	97
8	50	43	10	30	0	0	0.1	89
8	1	19	10	30	1	0	1	1
8	10	31	20	20	1	1	0.82	17
8	1	37	20	20	1	1	1	1
8	100	31	20	20	0	1	0.01	97
8	50	43	20	20	0	1	0.1	89
8	5	31	20	20	1	1	0.92	7
8	20	31	20	20	0	1	0.4	59
8	20	19	20	20	1	1	0.4	59
8	100	43	20	20	0	1	0.01	97
8	5	37	20	20	1	1	0.92	7
8	50	37	20	20	0	1	0.1	89
8	10	19	20	20	1	1	0.82	17
8	1	43	20	20	0	1	1	1
8	10	43	20	20	0	1	0.82	17
8	20	25	20	20	0	1	0.4	59
8	1	19	20	20	1	1	1	1
8	50	31	20	20	0	1	0.1	89
8	5	25	20	20	1	1	0.92	7
8	100	19	20	20	1	1	0.01	97
8	100	25	20	20	0	1	0.01	97
8	10	37	20	20	0	1	0.82	17
8	1	25	20	20	1	1	1	1
8	5	43	20	20	0	1	0.92	7
8	50	25	20	20	0	1	0.1	89
8	20	37	20	20	0	1	0.4	59
8	50	19	20	20	1	1	0.1	89
8	5	19	20	20	1	1	0.92	7
8	1	31	20	20	1	1	1	1
8	100	37	20	20	0	1	0.01	97
8	10	25	20	20	1	1	0.82	17
8	20	43	20	20	0	1	0.4	59
9	100	25	20	20	0	1	0.01	97
9	20	25	20	20	1	1	0.38	61
9	50	31	20	20	0	1	0.01	97
9	10	31	20	20	0	1	0.7	29
9	1	37	20	20	1	1	1	1
9	5	31	20	20	0	1	0.89	61
9	1	31	20	20	1	1	1	1
9	100	37	20	20	0	1	0.01	97
9	5	25	20	20	1	1	0.89	61
9	20	43	20	20	0	1	0.38	61
9	50	19	20	20	0	1	0.01	97
9	10	37	20	20	0	1	0.7	29
9	50	25	20	20	0	1	0.01	97
9	20	31	20	20	0	1	0.38	61
9	10	19	20	20	0	1	0.7	29
9	100	43	20	20	0	1	0.01	97
9	1	43	20	20	1	1	1	1
9	5	19	20	20	0	1	0.89	61
9	10	43	20	20	1	1	0.7	29
9	100	31	20	20	0	1	0.01	97
9	5	37	20	20	1	1	0.89	61
9	20	19	20	20	0	1	0.38	61
9	1	25	20	20	0	1	1	1
9	50	43	20	20	0	1	0.01	97
9	1	19	20	20	0	1	1	1
9	100	19	20	20	0	1	0.01	97
9	10	25	20	20	1	1	0.7	29
9	20	37	20	20	1	1	0.38	61
9	5	43	20	20	0	1	0.89	61
9	50	37	20	20	0	1	0.01	97
9	10	43	20	20	1	1	0.7	29
9	100	31	20	20	0	1	0.01	97
9	1	19	20	20	0	1	1	1
9	5	31	20	20	1	1	0.89	61
9	20	19	20	20	0	1	0.38	61
9	50	19	20	20	0	1	0.01	97
9	20	37	20	20	1	1	0.38	61
9	1	25	20	20	1	1	1	1
9	50	31	20	20	0	1	0.01	97
9	5	43	20	20	0	1	0.89	61
9	100	19	20	20	0	1	0.01	97
9	10	37	20	20	1	1	0.7	29
9	1	31	20	20	1	1	1	1
9	5	19	20	20	0	1	0.89	61
9	100	37	20	20	0	1	0.01	97
9	50	37	20	20	0	1	0.01	97
9	20	43	20	20	1	1	0.38	61
9	10	19	20	20	0	1	0.7	29
9	5	37	20	20	1	1	0.89	61
9	10	25	20	20	0	1	0.7	29
9	1	37	20	20	1	1	1	1
9	20	25	20	20	0	1	0.38	61
9	50	43	20	20	0	1	0.01	97
9	100	43	20	20	0	1	0.01	97
9	5	25	20	20	1	1	0.89	61
9	100	25	20	20	0	1	0.01	97
9	1	43	20	20	1	1	1	1
9	10	31	20	20	1	1	0.7	29
9	20	31	20	20	1	1	0.38	61
9	50	25	20	20	0	1	0.01	97
9	20	25	10	30	0	0	0.38	61
9	10	37	10	30	1	0	0.7	29
9	5	31	10	30	1	0	0.89	61
9	50	43	10	30	0	0	0.01	97
9	1	25	10	30	1	0	1	1
9	100	25	10	30	0	0	0.01	97
9	10	19	10	30	0	0	0.7	29
9	50	31	10	30	0	0	0.01	97
9	20	31	10	30	1	0	0.38	61
9	1	37	10	30	1	0	1	1
9	100	37	10	30	0	0	0.01	97
9	5	37	10	30	1	0	0.89	61
9	20	19	10	30	0	0	0.38	61
9	100	19	10	30	0	0	0.01	97
9	5	43	10	30	1	0	0.89	61
9	1	19	10	30	0	0	1	1
9	50	25	10	30	0	0	0.01	97
9	10	31	10	30	1	0	0.7	29
9	50	19	10	30	0	0	0.01	97
9	20	43	10	30	0	0	0.38	61
9	1	43	10	30	1	0	1	1
9	100	31	10	30	0	0	0.01	97
9	10	25	10	30	0	0	0.7	29
9	5	19	10	30	0	0	0.89	61
9	5	25	10	30	0	0	0.89	61
9	10	43	10	30	1	0	0.7	29
9	50	37	10	30	0	0	0.01	97
9	1	31	10	30	1	0	1	1
9	100	43	10	30	0	0	0.01	97
9	20	37	10	30	1	0	0.38	61
9	50	43	10	30	0	0	0.01	97
9	1	19	10	30	0	0	1	1
9	20	43	10	30	1	0	0.38	61
9	10	37	10	30	1	0	0.7	29
9	100	19	10	30	0	0	0.01	97
9	5	25	10	30	1	0	0.89	61
9	10	31	10	30	1	0	0.7	29
9	1	37	10	30	1	0	1	1
9	20	37	10	30	1	0	0.38	61
9	50	19	10	30	0	0	0.01	97
9	100	37	10	30	0	0	0.01	97
9	5	19	10	30	0	0	0.89	61
9	20	25	10	30	0	0	0.38	61
9	10	25	10	30	0	0	0.7	29
9	50	31	10	30	0	0	0.01	97
9	1	25	10	30	1	0	1	1
9	100	25	10	30	0	0	0.01	97
9	5	31	10	30	1	0	0.89	61
9	100	31	10	30	0	0	0.01	97
9	20	31	10	30	1	0	0.38	61
9	1	43	10	30	1	0	1	1
9	10	19	10	30	0	0	0.7	29
9	5	37	10	30	1	0	0.89	61
9	50	25	10	30	0	0	0.01	97
9	20	19	10	30	0	0	0.38	61
9	1	31	10	30	1	0	1	1
9	50	37	10	30	0	0	0.01	97
9	100	43	10	30	0	0	0.01	97
9	5	43	10	30	1	0	0.89	61
9	10	43	10	30	1	0	0.7	29
10	5	37	10	30	1	0	1	1
10	10	43	10	30	1	0	0.5	49
10	1	25	10	30	1	0	1	1
10	50	25	10	30	0	0	0	98
10	100	37	10	30	0	0	0	98
10	20	43	10	30	0	0	0.2	79
10	20	19	10	30	0	0	0.2	79
10	5	25	10	30	0	0	1	1
10	100	25	10	30	0	0	0	98
10	10	31	10	30	0	0	0.5	49
10	1	19	10	30	1	0	1	1
10	50	37	10	30	0	0	0	98
10	1	43	10	30	1	0	1	1
10	10	25	10	30	0	0	0.5	49
10	20	31	10	30	0	0	0.2	79
10	100	43	10	30	0	0	0	98
10	50	31	10	30	0	0	0	98
10	5	43	10	30	0	0	1	1
10	50	43	10	30	0	0	0	98
10	5	19	10	30	1	0	1	1
10	20	25	10	30	0	0	0.2	79
10	100	19	10	30	0	0	0	98
10	10	37	10	30	0	0	0.5	49
10	1	37	10	30	1	0	1	1
10	1	31	10	30	1	0	1	1
10	10	19	10	30	0	0	0.5	49
10	5	31	10	30	0	0	1	1
10	20	37	10	30	0	0	0.2	79
10	100	31	10	30	0	0	0	98
10	50	19	10	30	0	0	0	98
10	20	25	20	20	0	1	0.2	79
10	50	43	20	20	0	1	0	98
10	5	31	20	20	0	1	1	1
10	10	19	20	20	0	1	0.5	49
10	100	37	20	20	0	1	0	98
10	1	25	20	20	1	1	1	1
10	100	43	20	20	0	1	0	98
10	50	25	20	20	0	1	0	98
10	5	43	20	20	0	1	1	1
10	10	37	20	20	0	1	0.5	49
10	20	31	20	20	0	1	0.2	79
10	1	43	20	20	0	1	1	1
10	100	25	20	20	0	1	0	98
10	5	19	20	20	1	1	1	1
10	1	19	20	20	1	1	1	1
10	50	19	20	20	0	1	0	98
10	20	19	20	20	0	1	0.2	79
10	10	43	20	20	0	1	0.5	49
10	1	37	20	20	1	1	1	1
10	20	43	20	20	0	1	0.2	79
10	5	25	20	20	1	1	1	1
10	100	31	20	20	0	1	0	98
10	10	31	20	20	0	1	0.5	49
10	50	31	20	20	0	1	0	98
10	100	19	20	20	0	1	0	98
10	5	37	20	20	0	1	1	1
10	50	37	20	20	0	1	0	98
10	1	31	20	20	1	1	1	1
10	20	37	20	20	0	1	0.2	79
10	10	25	20	20	0	1	0.5	49
10	1	43	20	20	0	1	1	1
10	5	37	20	20	0	1	1	1
10	50	25	20	20	0	1	0	98
10	10	43	20	20	0	1	0.5	49
10	100	19	20	20	0	1	0	98
10	20	25	20	20	0	1	0.2	79
10	10	31	20	20	0	1	0.5	49
10	100	25	20	20	0	1	0	98
10	1	19	20	20	1	1	1	1
10	5	19	20	20	1	1	1	1
10	50	43	20	20	0	1	0	98
10	20	31	20	20	0	1	0.2	79
10	50	37	20	20	0	1	0	98
10	5	25	20	20	1	1	1	1
10	1	37	20	20	1	1	1	1
10	20	19	20	20	0	1	0.2	79
10	10	37	20	20	0	1	0.5	49
10	100	43	20	20	0	1	0	98
10	5	43	20	20	0	1	1	1
10	100	37	20	20	0	1	0	98
10	50	19	20	20	0	1	0	98
10	1	31	20	20	1	1	1	1
10	20	37	20	20	0	1	0.2	79
10	10	19	20	20	0	1	0.5	49
10	100	31	20	20	0	1	0	98
10	20	43	20	20	0	1	0.2	79
10	5	31	20	20	0	1	1	1
10	50	31	20	20	0	1	0	98
10	1	25	20	20	1	1	1	1
10	10	25	20	20	0	1	0.5	49
10	20	19	10	30	0	0	0.2	79
10	5	31	10	30	0	0	1	1
10	10	19	10	30	0	0	0.5	49
10	100	37	10	30	0	0	0	98
10	50	43	10	30	0	0	0	98
10	1	31	10	30	1	0	1	1
10	1	19	10	30	1	0	1	1
10	20	43	10	30	0	0	0.2	79
10	5	25	10	30	1	0	1	1
10	100	19	10	30	0	0	0	98
10	10	25	10	30	0	0	0.5	49
10	50	31	10	30	0	0	0	98
10	20	37	10	30	0	0	0.2	79
10	10	31	10	30	0	0	0.5	49
10	5	43	10	30	0	0	1	1
10	100	31	10	30	0	0	0	98
10	50	19	10	30	0	0	0	98
10	1	25	10	30	1	0	1	1
10	50	25	10	30	0	0	0	98
10	20	25	10	30	0	0	0.2	79
10	100	43	10	30	0	0	0	98
10	5	37	10	30	0	0	1	1
10	10	43	10	30	0	0	0.5	49
10	1	37	10	30	0	0	1	1
10	50	37	10	30	0	0	0	98
10	10	37	10	30	0	0	0.5	49
10	1	43	10	30	0	0	1	1
10	100	25	10	30	0	0	0	98
10	5	19	10	30	1	0	1	1
10	20	31	10	30	0	0	0.2	79
11	20	25	10	30	1	0	0.7	23
11	5	19	10	30	1	0	0.8	15
11	1	31	10	30	1	0	1	1
11	100	19	10	30	0	0	0	78
11	10	19	10	30	1	0	0.71	22
11	50	19	10	30	0	0	0.1	71
11	50	31	10	30	0	0	0.1	71
11	20	43	10	30	0	0	0.7	23
11	1	43	10	30	0	0	1	1
11	100	43	10	30	0	0	0	78
11	5	37	10	30	0	0	0.8	15
11	10	31	10	30	0	0	0.71	22
11	20	19	10	30	0	0	0.7	23
11	1	37	10	30	0	0	1	1
11	100	37	10	30	0	0	0	78
11	10	37	10	30	0	0	0.71	22
11	5	25	10	30	1	0	0.8	15
11	50	43	10	30	0	0	0.1	71
11	20	37	10	30	0	0	0.7	23
11	50	25	10	30	0	0	0.1	71
11	10	25	10	30	1	0	0.71	22
11	1	19	10	30	1	0	1	1
11	5	31	10	30	0	0	0.8	15
11	100	25	10	30	0	0	0	78
11	20	31	10	30	0	0	0.7	23
11	5	43	10	30	0	0	0.8	15
11	50	37	10	30	0	0	0.1	71
11	1	25	10	30	1	0	1	1
11	100	31	10	30	0	0	0	78
11	10	43	10	30	0	0	0.71	22
11	1	37	10	30	0	0	1	1
11	100	25	10	30	0	0	0	78
11	20	37	10	30	0	0	0.7	23
11	50	37	10	30	0	0	0.1	71
11	5	19	10	30	1	0	0.8	15
11	10	19	10	30	0	0	0.71	22
11	1	43	10	30	0	0	1	1
11	10	25	10	30	1	0	0.71	22
11	100	43	10	30	0	0	0	78
11	5	37	10	30	0	0	0.8	15
11	20	43	10	30	0	0	0.7	23
11	50	43	10	30	0	0	0.1	71
11	100	19	10	30	0	0	0	78
11	50	31	10	30	0	0	0.1	71
11	20	31	10	30	0	0	0.7	23
11	5	31	10	30	1	0	0.8	15
11	10	43	10	30	0	0	0.71	22
11	1	19	10	30	1	0	1	1
11	1	31	10	30	1	0	1	1
11	10	37	10	30	0	0	0.71	22
11	5	25	10	30	1	0	0.8	15
11	50	19	10	30	0	0	0.1	71
11	100	37	10	30	0	0	0	78
11	20	25	10	30	1	0	0.7	23
11	5	43	10	30	0	0	0.8	15
11	100	31	10	30	0	0	0	78
11	1	25	10	30	1	0	1	1
11	50	25	10	30	0	0	0.1	71
11	10	31	10	30	0	0	0.71	22
11	20	19	10	30	1	0	0.7	23
11	50	19	20	20	1	1	0.1	71
11	1	19	20	20	1	1	1	1
11	5	31	20	20	1	1	0.8	15
11	20	43	20	20	0	1	0.7	23
11	10	19	20	20	1	1	0.71	22
11	100	31	20	20	0	1	0	78
11	50	31	20	20	0	1	0.1	71
11	100	19	20	20	0	1	0	78
11	1	31	20	20	1	1	1	1
11	5	37	20	20	0	1	0.8	15
11	10	25	20	20	1	1	0.71	22
11	20	37	20	20	0	1	0.7	23
11	100	37	20	20	0	1	0	78
11	20	19	20	20	1	1	0.7	23
11	10	43	20	20	0	1	0.71	22
11	5	25	20	20	1	1	0.8	15
11	50	43	20	20	0	1	0.1	71
11	1	25	20	20	1	1	1	1
11	5	43	20	20	0	1	0.8	15
11	10	37	20	20	0	1	0.71	22
11	20	31	20	20	0	1	0.7	23
11	100	25	20	20	0	1	0	78
11	50	37	20	20	0	1	0.1	71
11	1	37	20	20	0	1	1	1
11	10	31	20	20	0	1	0.71	22
11	1	43	20	20	0	1	1	1
11	5	19	20	20	1	1	0.8	15
11	100	43	20	20	0	1	0	78
11	20	25	20	20	1	1	0.7	23
11	50	25	20	20	0	1	0.1	71
11	10	25	20	20	1	1	0.71	22
11	1	25	20	20	1	1	1	1
11	20	43	20	20	0	1	0.7	23
11	50	37	20	20	0	1	0.1	71
11	5	31	20	20	0	1	0.8	15
11	100	19	20	20	1	1	0	78
11	100	31	20	20	0	1	0	78
11	1	31	20	20	1	1	1	1
11	5	43	20	20	0	1	0.8	15
11	50	19	20	20	1	1	0.1	71
11	10	19	20	20	1	1	0.71	22
11	20	25	20	20	1	1	0.7	23
11	1	37	20	20	0	1	1	1
11	50	25	20	20	0	1	0.1	71
11	10	31	20	20	0	1	0.71	22
11	20	31	20	20	0	1	0.7	23
11	5	25	20	20	1	1	0.8	15
11	100	37	20	20	0	1	0	78
11	10	43	20	20	0	1	0.71	22
11	100	25	20	20	1	1	0	78
11	50	43	20	20	0	1	0.1	71
11	20	19	20	20	1	1	0.7	23
11	1	19	20	20	1	1	1	1
11	5	19	20	20	1	1	0.8	15
11	20	37	20	20	0	1	0.7	23
11	5	37	20	20	0	1	0.8	15
11	50	31	20	20	0	1	0.1	71
11	10	37	20	20	0	1	0.71	22
11	1	43	20	20	0	1	1	1
11	100	43	20	20	0	1	0	78
12	50	19	20	20	0	1	0.06	84
12	1	19	20	20	1	1	1	1
12	10	43	20	20	1	1	0.89	9
12	20	43	20	20	0	1	0.84	13
12	100	19	20	20	0	1	0.02	86
12	5	37	20	20	1	1	0.94	4
12	50	43	20	20	0	1	0.06	84
12	5	31	20	20	1	1	0.94	4
12	10	37	20	20	1	1	0.89	9
12	1	37	20	20	1	1	1	1
12	100	43	20	20	0	1	0.02	86
12	20	31	20	20	1	1	0.84	13
12	50	37	20	20	0	1	0.06	84
12	100	37	20	20	0	1	0.02	86
12	20	19	20	20	1	1	0.84	13
12	5	43	20	20	1	1	0.94	4
12	1	31	20	20	1	1	1	1
12	10	31	20	20	1	1	0.89	9
12	100	25	20	20	0	1	0.02	86
12	20	25	20	20	0	1	0.84	13
12	1	43	20	20	0	1	1	1
12	5	25	20	20	1	1	0.94	4
12	50	25	20	20	0	1	0.06	84
12	10	19	20	20	0	1	0.89	9
12	100	31	20	20	0	1	0.02	86
12	1	25	20	20	1	1	1	1
12	10	25	20	20	1	1	0.89	9
12	5	19	20	20	1	1	0.94	4
12	20	37	20	20	1	1	0.84	13
12	50	31	20	20	0	1	0.06	84
12	20	19	20	20	1	1	0.84	13
12	50	25	20	20	0	1	0.06	84
12	5	19	20	20	1	1	0.94	4
12	100	25	20	20	0	1	0.02	86
12	1	19	20	20	1	1	1	1
12	10	25	20	20	1	1	0.89	9
12	20	31	20	20	1	1	0.84	13
12	5	25	20	20	1	1	0.94	4
12	10	31	20	20	1	1	0.89	9
12	1	37	20	20	0	1	1	1
12	100	31	20	20	0	1	0.02	86
12	50	37	20	20	0	1	0.06	84
12	50	31	20	20	0	1	0.06	84
12	1	31	20	20	1	1	1	1
12	100	19	20	20	0	1	0.02	86
12	5	31	20	20	1	1	0.94	4
12	10	19	20	20	1	1	0.89	9
12	20	25	20	20	1	1	0.84	13
12	100	43	20	20	0	1	0.02	86
12	50	43	20	20	0	1	0.06	84
12	10	37	20	20	0	1	0.89	9
12	5	43	20	20	0	1	0.94	4
12	1	25	20	20	1	1	1	1
12	20	43	20	20	0	1	0.84	13
12	5	37	20	20	0	1	0.94	4
12	50	19	20	20	0	1	0.06	84
12	1	43	20	20	0	1	1	1
12	10	43	20	20	0	1	0.89	9
12	20	37	20	20	0	1	0.84	13
12	100	37	20	20	0	1	0.02	86
12	5	19	10	30	1	0	0.94	4
12	20	19	10	30	1	0	0.84	13
12	1	43	10	30	0	0	1	1
12	10	25	10	30	0	0	0.89	9
12	50	37	10	30	0	0	0.06	84
12	100	43	10	30	0	0	0.02	86
12	1	37	10	30	0	0	1	1
12	50	43	10	30	0	0	0.06	84
12	5	37	10	30	0	0	0.94	4
12	20	25	10	30	1	0	0.84	13
12	100	37	10	30	0	0	0.02	86
12	10	19	10	30	1	0	0.89	9
12	50	31	10	30	0	0	0.06	84
12	5	43	10	30	0	0	0.94	4
12	20	37	10	30	0	0	0.84	13
12	1	19	10	30	1	0	1	1
12	100	31	10	30	0	0	0.02	86
12	10	43	10	30	0	0	0.89	9
12	100	19	10	30	0	0	0.02	86
12	1	31	10	30	0	0	1	1
12	20	31	10	30	0	0	0.84	13
12	10	37	10	30	0	0	0.89	9
12	5	25	10	30	1	0	0.94	4
12	50	19	10	30	0	0	0.06	84
12	50	25	10	30	0	0	0.06	84
12	5	31	10	30	0	0	0.94	4
12	100	25	10	30	0	0	0.02	86
12	1	25	10	30	0	0	1	1
12	20	43	10	30	0	0	0.84	13
12	10	31	10	30	0	0	0.89	9
12	100	31	10	30	0	0	0.02	86
12	5	31	10	30	0	0	0.94	4
12	1	19	10	30	1	0	1	1
12	50	31	10	30	0	0	0.06	84
12	20	37	10	30	0	0	0.84	13
12	10	37	10	30	0	0	0.89	9
12	5	37	10	30	0	0	0.94	4
12	100	37	10	30	0	0	0.02	86
12	1	37	10	30	0	0	1	1
12	20	43	10	30	0	0	0.84	13
12	50	37	10	30	0	0	0.06	84
12	10	19	10	30	1	0	0.89	9
12	20	19	10	30	1	0	0.84	13
12	10	43	10	30	0	0	0.89	9
12	100	43	10	30	0	0	0.02	86
12	1	25	10	30	0	0	1	1
12	5	43	10	30	0	0	0.94	4
12	50	19	10	30	0	0	0.06	84
12	20	31	10	30	0	0	0.84	13
12	50	25	10	30	0	0	0.06	84
12	100	25	10	30	0	0	0.02	86
12	1	31	10	30	0	0	1	1
12	5	19	10	30	1	0	0.94	4
12	10	31	10	30	0	0	0.89	9
12	50	43	10	30	0	0	0.06	84
12	20	25	10	30	1	0	0.84	13
12	10	25	10	30	1	0	0.89	9
12	100	19	10	30	0	0	0.02	86
12	1	43	10	30	0	0	1	1
12	5	25	10	30	1	0	0.94	4
13	5	31	20	20	0	1	0.79	19
13	10	31	20	20	0	1	0.68	29
13	100	31	20	20	0	1	0	93
13	50	43	20	20	0	1	0	93
13	20	31	20	20	0	1	0.53	44
13	1	43	20	20	1	1	1	1
13	100	19	20	20	0	1	0	93
13	5	43	20	20	1	1	0.79	19
13	1	19	20	20	0	1	1	1
13	50	37	20	20	0	1	0	93
13	10	25	20	20	0	1	0.68	29
13	20	37	20	20	0	1	0.53	44
13	50	25	20	20	0	1	0	93
13	5	25	20	20	0	1	0.79	19
13	100	37	20	20	0	1	0	93
13	10	37	20	20	0	1	0.68	29
13	1	25	20	20	0	1	1	1
13	20	25	20	20	0	1	0.53	44
13	20	19	20	20	0	1	0.53	44
13	5	19	20	20	1	1	0.79	19
13	50	19	20	20	0	1	0	93
13	100	43	20	20	0	1	0	93
13	1	31	20	20	1	1	1	1
13	10	19	20	20	0	1	0.68	29
13	50	31	20	20	0	1	0	93
13	1	37	20	20	0	1	1	1
13	20	43	20	20	0	1	0.53	44
13	10	43	20	20	1	1	0.68	29
13	100	25	20	20	0	1	0	93
13	5	37	20	20	0	1	0.79	19
13	1	43	10	30	0	0	1	1
13	20	25	10	30	0	0	0.53	44
13	100	37	10	30	0	0	0	93
13	10	31	10	30	0	0	0.68	29
13	5	37	10	30	1	0	0.79	19
13	50	31	10	30	0	0	0	93
13	20	37	10	30	0	0	0.53	44
13	10	25	10	30	1	0	0.68	29
13	50	37	10	30	0	0	0	93
13	5	19	10	30	0	0	0.79	19
13	100	19	10	30	0	0	0	93
13	1	19	10	30	1	0	1	1
13	50	25	10	30	0	0	0	93
13	5	31	10	30	0	0	0.79	19
13	1	37	10	30	0	0	1	1
13	100	25	10	30	0	0	0	93
13	10	19	10	30	0	0	0.68	29
13	20	31	10	30	0	0	0.53	44
13	5	43	10	30	1	0	0.79	19
13	50	43	10	30	0	0	0	93
13	20	19	10	30	0	0	0.53	44
13	100	31	10	30	0	0	0	93
13	1	25	10	30	0	0	1	1
13	10	37	10	30	1	0	0.68	29
13	100	43	10	30	0	0	0	93
13	1	31	10	30	1	0	1	1
13	50	19	10	30	0	0	0	93
13	20	43	10	30	0	0	0.53	44
13	5	25	10	30	0	0	0.79	19
13	10	43	10	30	0	0	0.68	29
13	100	37	20	20	0	1	0	93
13	20	31	20	20	0	1	0.53	44
13	5	43	20	20	1	1	0.79	19
13	50	43	20	20	0	1	0	93
13	10	37	20	20	1	1	0.68	29
13	1	31	20	20	0	1	1	1
13	100	19	20	20	0	1	0	93
13	20	37	20	20	0	1	0.53	44
13	10	25	20	20	0	1	0.68	29
13	50	37	20	20	0	1	0	93
13	1	19	20	20	0	1	1	1
13	5	25	20	20	0	1	0.79	19
13	20	25	20	20	0	1	0.53	44
13	5	19	20	20	0	1	0.79	19
13	50	25	20	20	0	1	0	93
13	100	25	20	20	0	1	0	93
13	1	37	20	20	1	1	1	1
13	10	31	20	20	0	1	0.68	29
13	100	43	20	20	0	1	0	93
13	10	43	20	20	0	1	0.68	29
13	20	43	20	20	1	1	0.53	44
13	1	25	20	20	0	1	1	1
13	50	31	20	20	0	1	0	93
13	5	31	20	20	0	1	0.79	19
13	5	37	20	20	1	1	0.79	19
13	10	19	20	20	0	1	0.68	29
13	20	19	20	20	0	1	0.53	44
13	50	19	20	20	0	1	0	93
13	100	31	20	20	0	1	0	93
13	1	43	20	20	1	1	1	1
13	1	43	10	30	1	0	1	1
13	20	31	10	30	0	0	0.53	44
13	100	43	10	30	0	0	0	93
13	5	19	10	30	0	0	0.79	19
13	50	43	10	30	0	0	0	93
13	10	19	10	30	0	0	0.68	29
13	10	25	10	30	0	0	0.68	29
13	50	25	10	30	0	0	0	93
13	100	31	10	30	0	0	0	93
13	5	31	10	30	1	0	0.79	19
13	20	19	10	30	0	0	0.53	44
13	1	19	10	30	0	0	1	1
13	5	43	10	30	1	0	0.79	19
13	50	19	10	30	0	0	0	93
13	20	43	10	30	0	0	0.53	44
13	100	37	10	30	0	0	0	93
13	10	31	10	30	0	0	0.68	29
13	1	31	10	30	1	0	1	1
13	10	43	10	30	1	0	0.68	29
13	100	25	10	30	0	0	0	93
13	20	25	10	30	0	0	0.53	44
13	5	25	10	30	0	0	0.79	19
13	1	37	10	30	1	0	1	1
13	50	31	10	30	0	0	0	93
13	50	37	10	30	0	0	0	93
13	5	37	10	30	1	0	0.79	19
13	1	25	10	30	0	0	1	1
13	20	37	10	30	0	0	0.53	44
13	100	19	10	30	0	0	0	93
13	10	37	10	30	0	0	0.68	29
14	5	31	20	20	1	1	0.89	9
14	100	43	20	20	0	1	0	93
14	1	31	20	20	1	1	1	1
14	50	31	20	20	0	1	0.05	89
14	10	31	20	20	1	1	0.79	19
14	20	37	20	20	1	1	0.74	24
14	10	37	20	20	1	1	0.79	19
14	50	25	20	20	0	1	0.05	89
14	5	19	20	20	1	1	0.89	9
14	1	43	20	20	1	1	1	1
14	20	43	20	20	1	1	0.74	24
14	100	25	20	20	0	1	0	93
14	20	19	20	20	1	1	0.74	24
14	5	37	20	20	1	1	0.89	9
14	50	43	20	20	0	1	0.05	89
14	10	19	20	20	1	1	0.79	19
14	1	25	20	20	1	1	1	1
14	100	19	20	20	0	1	0	93
14	20	31	20	20	1	1	0.74	24
14	5	43	20	20	1	1	0.89	9
14	100	37	20	20	0	1	0	93
14	1	19	20	20	1	1	1	1
14	10	43	20	20	1	1	0.79	19
14	50	37	20	20	0	1	0.05	89
14	5	25	20	20	1	1	0.89	9
14	10	25	20	20	1	1	0.79	19
14	1	37	20	20	1	1	1	1
14	20	25	20	20	1	1	0.74	24
14	100	31	20	20	0	1	0	93
14	50	19	20	20	0	1	0.05	89
14	100	25	10	30	0	0	0	93
14	1	25	10	30	1	0	1	1
14	10	37	10	30	1	0	0.79	19
14	20	19	10	30	1	0	0.74	24
14	5	37	10	30	1	0	0.89	9
14	50	37	10	30	0	0	0.05	89
14	10	19	10	30	1	0	0.79	19
14	20	37	10	30	1	0	0.74	24
14	50	25	10	30	0	0	0.05	89
14	5	31	10	30	1	0	0.89	9
14	1	43	10	30	1	0	1	1
14	100	19	10	30	0	0	0	93
14	100	31	10	30	0	0	0	93
14	10	31	10	30	1	0	0.79	19
14	20	43	10	30	1	0	0.74	24
14	5	25	10	30	1	0	0.89	9
14	50	19	10	30	0	0	0.05	89
14	1	37	10	30	1	0	1	1
14	10	25	10	30	1	0	0.79	19
14	1	31	10	30	1	0	1	1
14	50	43	10	30	0	0	0.05	89
14	5	19	10	30	1	0	0.89	9
14	20	25	10	30	1	0	0.74	24
14	100	43	10	30	0	0	0	93
14	10	43	10	30	0	0	0.79	19
14	50	31	10	30	0	0	0.05	89
14	1	19	10	30	1	0	1	1
14	5	43	10	30	0	0	0.89	9
14	20	31	10	30	1	0	0.74	24
14	100	37	10	30	0	0	0	93
14	10	43	10	30	0	0	0.79	19
14	100	19	10	30	0	0	0	93
14	50	19	10	30	0	0	0.05	89
14	5	19	10	30	1	0	0.89	9
14	1	43	10	30	0	0	1	1
14	20	37	10	30	1	0	0.74	24
14	1	25	10	30	1	0	1	1
14	5	25	10	30	1	0	0.89	9
14	20	43	10	30	0	0	0.74	24
14	10	37	10	30	1	0	0.79	19
14	50	43	10	30	0	0	0.05	89
14	100	31	10	30	0	0	0	93
14	50	31	10	30	0	0	0.05	89
14	20	19	10	30	1	0	0.74	24
14	5	31	10	30	1	0	0.89	9
14	10	25	10	30	1	0	0.79	19
14	1	19	10	30	1	0	1	1
14	100	37	10	30	0	0	0	93
14	10	31	10	30	1	0	0.79	19
14	5	43	10	30	0	0	0.89	9
14	20	31	10	30	1	0	0.74	24
14	1	37	10	30	1	0	1	1
14	50	25	10	30	0	0	0.05	89
14	100	43	10	30	0	0	0	93
14	1	31	10	30	1	0	1	1
14	10	19	10	30	1	0	0.79	19
14	5	37	10	30	1	0	0.89	9
14	50	37	10	30	0	0	0.05	89
14	100	25	10	30	0	0	0	93
14	20	25	10	30	1	0	0.74	24
14	50	31	20	20	0	1	0.05	89
14	10	19	20	20	1	1	0.79	19
14	1	25	20	20	1	1	1	1
14	5	25	20	20	1	1	0.89	9
14	20	37	20	20	1	1	0.74	24
14	100	25	20	20	0	1	0	93
14	50	43	20	20	0	1	0.05	89
14	1	43	20	20	0	1	1	1
14	100	43	20	20	0	1	0	93
14	20	19	20	20	1	1	0.74	24
14	10	37	20	20	1	1	0.79	19
14	5	37	20	20	1	1	0.89	9
14	1	37	20	20	1	1	1	1
14	50	37	20	20	0	1	0.05	89
14	5	43	20	20	0	1	0.89	9
14	20	31	20	20	1	1	0.74	24
14	10	43	20	20	0	1	0.79	19
14	100	19	20	20	0	1	0	93
14	50	25	20	20	0	1	0.05	89
14	1	19	20	20	1	1	1	1
14	10	25	20	20	1	1	0.79	19
14	5	31	20	20	1	1	0.89	9
14	20	43	20	20	0	1	0.74	24
14	100	31	20	20	0	1	0	93
14	20	25	20	20	1	1	0.74	24
14	100	37	20	20	0	1	0	93
14	10	31	20	20	1	1	0.79	19
14	5	19	20	20	1	1	0.89	9
14	1	31	20	20	1	1	1	1
14	50	19	20	20	0	1	0.05	89
15	1	19	20	20	1	1	1	1
15	50	43	20	20	0	1	0.2	79
15	100	25	20	20	0	1	0	98
15	10	19	20	20	1	1	0.8	19
15	5	37	20	20	1	1	0.95	4
15	20	19	20	20	1	1	0.6	39
15	10	43	20	20	1	1	0.8	19
15	50	31	20	20	0	1	0.2	79
15	5	43	20	20	1	1	0.95	4
15	100	19	20	20	0	1	0	98
15	20	25	20	20	1	1	0.6	39
15	1	43	20	20	1	1	1	1
15	20	43	20	20	1	1	0.6	39
15	5	31	20	20	1	1	0.95	4
15	1	25	20	20	1	1	1	1
15	50	25	20	20	0	1	0.2	79
15	100	31	20	20	0	1	0	98
15	10	25	20	20	1	1	0.8	19
15	5	25	20	20	1	1	0.95	4
15	100	37	20	20	0	1	0	98
15	10	37	20	20	1	1	0.8	19
15	1	31	20	20	1	1	1	1
15	50	19	20	20	0	1	0.2	79
15	20	31	20	20	1	1	0.6	39
15	10	31	20	20	1	1	0.8	19
15	5	19	20	20	1	1	0.95	4
15	100	43	20	20	0	1	0	98
15	50	37	20	20	0	1	0.2	79
15	20	37	20	20	1	1	0.6	39
15	1	37	20	20	1	1	1	1
15	50	37	10	30	0	0	0.2	79
15	5	19	10	30	1	0	0.95	4
15	100	43	10	30	0	0	0	98
15	1	37	10	30	1	0	1	1
15	10	37	10	30	1	0	0.8	19
15	20	25	10	30	1	0	0.6	39
15	10	43	10	30	1	0	0.8	19
15	1	43	10	30	1	0	1	1
15	5	37	10	30	1	0	0.95	4
15	20	19	10	30	1	0	0.6	39
15	50	31	10	30	0	0	0.2	79
15	100	31	10	30	0	0	0	98
15	20	31	10	30	1	0	0.6	39
15	1	25	10	30	1	0	1	1
15	50	25	10	30	0	0	0.2	79
15	100	19	10	30	0	0	0	98
15	10	25	10	30	1	0	0.8	19
15	5	43	10	30	1	0	0.95	4
15	20	37	10	30	1	0	0.6	39
15	100	37	10	30	0	0	0	98
15	5	31	10	30	1	0	0.95	4
15	1	31	10	30	1	0	1	1
15	10	31	10	30	1	0	0.8	19
15	50	19	10	30	0	0	0.2	79
15	100	25	10	30	0	0	0	98
15	20	43	10	30	1	0	0.6	39
15	50	43	10	30	0	0	0.2	79
15	1	19	10	30	1	0	1	1
15	10	19	10	30	1	0	0.8	19
15	5	25	10	30	1	0	0.95	4
15	1	31	20	20	1	1	1	1
15	20	37	20	20	1	1	0.6	39
15	50	19	20	20	0	1	0.2	79
15	10	25	20	20	1	1	0.8	19
15	100	31	20	20	0	1	0	98
15	5	43	20	20	1	1	0.95	4
15	20	43	20	20	1	1	0.6	39
15	10	43	20	20	1	1	0.8	19
15	1	19	20	20	1	1	1	1
15	100	37	20	20	0	1	0	98
15	5	37	20	20	1	1	0.95	4
15	50	25	20	20	0	1	0.2	79
15	10	31	20	20	1	1	0.8	19
15	20	31	20	20	1	1	0.6	39
15	100	25	20	20	0	1	0	98
15	50	43	20	20	0	1	0.2	79
15	5	19	20	20	1	1	0.95	4
15	1	25	20	20	1	1	1	1
15	5	31	20	20	1	1	0.95	4
15	1	43	20	20	1	1	1	1
15	10	37	20	20	1	1	0.8	19
15	20	25	20	20	1	1	0.6	39
15	50	31	20	20	0	1	0.2	79
15	100	19	20	20	0	1	0	98
15	10	19	20	20	1	1	0.8	19
15	50	37	20	20	0	1	0.2	79
15	20	19	20	20	1	1	0.6	39
15	100	43	20	20	0	1	0	98
15	5	25	20	20	1	1	0.95	4
15	1	37	20	20	0	1	1	1
15	10	19	10	30	1	0	0.8	19
15	20	19	10	30	1	0	0.6	39
15	1	25	10	30	1	0	1	1
15	100	37	10	30	0	0	0	98
15	50	19	10	30	0	0	0.2	79
15	5	43	10	30	1	0	0.95	4
15	20	43	10	30	1	0	0.6	39
15	5	25	10	30	1	0	0.95	4
15	10	37	10	30	1	0	0.8	19
15	100	19	10	30	0	0	0	98
15	50	31	10	30	0	0	0.2	79
15	1	31	10	30	1	0	1	1
15	50	37	10	30	0	0	0.2	79
15	1	37	10	30	1	0	1	1
15	100	25	10	30	0	0	0	98
15	10	31	10	30	1	0	0.8	19
15	5	31	10	30	1	0	0.95	4
15	20	25	10	30	1	0	0.6	39
15	1	43	10	30	1	0	1	1
15	50	43	10	30	0	0	0.2	79
15	10	25	10	30	1	0	0.8	19
15	20	37	10	30	1	0	0.6	39
15	5	19	10	30	1	0	0.95	4
15	100	43	10	30	0	0	0	98
15	100	31	10	30	0	0	0	98
15	5	37	10	30	1	0	0.95	4
15	50	25	10	30	0	0	0.2	79
15	1	19	10	30	1	0	1	1
15	20	31	10	30	1	0	0.6	39
15	10	43	10	30	1	0	0.8	19
16	10	25	10	30	0	0	0.67	26
16	1	43	10	30	1	0	1	1
16	20	43	10	30	0	0	0.58	34
16	100	19	10	30	0	0	0	81
16	5	31	10	30	1	0	0.98	1
16	50	31	10	30	0	0	0	81
16	5	19	10	30	1	0	0.98	1
16	1	19	10	30	1	0	1	1
16	50	37	10	30	0	0	0	81
16	10	31	10	30	0	0	0.67	26
16	100	31	10	30	0	0	0	81
16	20	31	10	30	0	0	0.58	34
16	5	43	10	30	1	0	0.98	1
16	10	37	10	30	0	0	0.67	26
16	100	37	10	30	0	0	0	81
16	1	31	10	30	1	0	1	1
16	50	43	10	30	0	0	0	81
16	20	37	10	30	1	0	0.58	34
16	50	19	10	30	0	0	0	81
16	10	19	10	30	1	0	0.67	26
16	100	43	10	30	0	0	0	81
16	1	37	10	30	1	0	1	1
16	20	25	10	30	1	0	0.58	34
16	5	25	10	30	1	0	0.98	1
16	10	43	10	30	0	0	0.67	26
16	20	19	10	30	0	0	0.58	34
16	5	37	10	30	1	0	0.98	1
16	1	25	10	30	1	0	1	1
16	50	25	10	30	0	0	0	81
16	100	25	10	30	0	0	0	81
16	100	31	20	20	1	1	0	81
16	50	31	20	20	0	1	0	81
16	20	37	20	20	0	1	0.58	34
16	10	25	20	20	1	1	0.67	26
16	1	25	20	20	1	1	1	1
16	5	31	20	20	1	1	0.98	1
16	100	43	20	20	0	1	0	81
16	5	19	20	20	1	1	0.98	1
16	10	43	20	20	1	1	0.67	26
16	50	43	20	20	0	1	0	81
16	1	19	20	20	1	1	1	1
16	20	19	20	20	1	1	0.58	34
16	10	19	20	20	1	1	0.67	26
16	50	25	20	20	0	1	0	81
16	20	43	20	20	1	1	0.58	34
16	5	25	20	20	1	1	0.98	1
16	1	31	20	20	1	1	1	1
16	100	37	20	20	0	1	0	81
16	5	43	20	20	1	1	0.98	1
16	1	37	20	20	0	1	1	1
16	20	31	20	20	1	1	0.58	34
16	100	25	20	20	0	1	0	81
16	50	37	20	20	0	1	0	81
16	10	31	20	20	1	1	0.67	26
16	50	19	20	20	0	1	0	81
16	100	19	20	20	0	1	0	81
16	10	37	20	20	1	1	0.67	26
16	20	25	20	20	1	1	0.58	34
16	5	37	20	20	1	1	0.98	1
16	1	43	20	20	1	1	1	1
16	50	25	20	20	0	1	0	81
16	5	25	20	20	1	1	0.98	1
16	1	25	20	20	1	1	1	1
16	10	31	20	20	0	1	0.67	26
16	100	37	20	20	0	1	0	81
16	20	19	20	20	1	1	0.58	34
16	20	43	20	20	1	1	0.58	34
16	5	37	20	20	1	1	0.98	1
16	10	37	20	20	1	1	0.67	26
16	1	43	20	20	1	1	1	1
16	100	19	20	20	0	1	0	81
16	50	19	20	20	0	1	0	81
16	20	37	20	20	1	1	0.58	34
16	100	43	20	20	0	1	0	81
16	1	31	20	20	1	1	1	1
16	10	19	20	20	1	1	0.67	26
16	50	43	20	20	1	1	0	81
16	5	19	20	20	1	1	0.98	1
16	100	25	20	20	0	1	0	81
16	20	25	20	20	1	1	0.58	34
16	10	43	20	20	1	1	0.67	26
16	50	37	20	20	0	1	0	81
16	1	37	20	20	1	1	1	1
16	5	43	20	20	1	1	0.98	1
16	10	25	20	20	1	1	0.67	26
16	5	31	20	20	1	1	0.98	1
16	20	31	20	20	1	1	0.58	34
16	50	31	20	20	0	1	0	81
16	1	19	20	20	1	1	1	1
16	100	31	20	20	0	1	0	81
16	5	31	10	30	1	0	0.98	1
16	20	31	10	30	0	0	0.58	34
16	10	31	10	30	0	0	0.67	26
16	50	37	10	30	1	0	0	81
16	1	31	10	30	1	0	1	1
16	100	31	10	30	0	0	0	81
16	10	19	10	30	0	0	0.67	26
16	100	19	10	30	0	0	0	81
16	1	37	10	30	1	0	1	1
16	20	37	10	30	0	0	0.58	34
16	50	19	10	30	0	0	0	81
16	5	43	10	30	1	0	0.98	1
16	5	25	10	30	1	0	0.98	1
16	20	43	10	30	0	0	0.58	34
16	50	25	10	30	0	0	0	81
16	10	25	10	30	0	0	0.67	26
16	100	25	10	30	0	0	0	81
16	1	19	10	30	0	0	1	1
16	50	43	10	30	0	0	0	81
16	100	43	10	30	0	0	0	81
16	20	19	10	30	0	0	0.58	34
16	5	19	10	30	0	0	0.98	1
16	1	25	10	30	1	0	1	1
16	10	43	10	30	1	0	0.67	26
16	20	25	10	30	0	0	0.58	34
16	100	37	10	30	0	0	0	81
16	1	43	10	30	1	0	1	1
16	5	37	10	30	1	0	0.98	1
16	50	31	10	30	0	0	0	81
16	10	37	10	30	0	0	0.67	26
17	50	31	20	20	0	1	0.1	89
17	20	43	20	20	0	1	0.4	59
17	10	25	20	20	0	1	0.7	29
17	100	25	20	20	0	1	0	98
17	5	31	20	20	1	1	0.9	9
17	1	31	20	20	1	1	1	1
17	20	19	20	20	1	1	0.4	59
17	100	37	20	20	0	1	0	98
17	5	37	20	20	1	1	0.9	9
17	1	37	20	20	1	1	1	1
17	10	43	20	20	0	1	0.7	29
17	50	19	20	20	1	1	0.1	89
17	20	31	20	20	0	1	0.4	59
17	100	31	20	20	0	1	0	98
17	50	43	20	20	0	1	0.1	89
17	5	25	20	20	1	1	0.9	9
17	10	19	20	20	1	1	0.7	29
17	1	43	20	20	1	1	1	1
17	20	25	20	20	1	1	0.4	59
17	5	19	20	20	1	1	0.9	9
17	50	25	20	20	0	1	0.1	89
17	100	43	20	20	0	1	0	98
17	10	31	20	20	1	1	0.7	29
17	1	19	20	20	1	1	1	1
17	5	43	20	20	1	1	0.9	9
17	1	25	20	20	1	1	1	1
17	20	37	20	20	0	1	0.4	59
17	10	37	20	20	1	1	0.7	29
17	50	37	20	20	0	1	0.1	89
17	100	19	20	20	1	1	0	98
17	20	25	10	30	1	0	0.4	59
17	100	25	10	30	0	0	0	98
17	5	31	10	30	1	0	0.9	9
17	1	31	10	30	1	0	1	1
17	10	25	10	30	1	0	0.7	29
17	50	25	10	30	0	0	0.1	89
17	100	43	10	30	0	0	0	98
17	5	19	10	30	1	0	0.9	9
17	10	37	10	30	1	0	0.7	29
17	1	25	10	30	1	0	1	1
17	50	43	10	30	0	0	0.1	89
17	20	43	10	30	0	0	0.4	59
17	5	43	10	30	1	0	0.9	9
17	50	19	10	30	1	0	0.1	89
17	20	37	10	30	0	0	0.4	59
17	100	31	10	30	0	0	0	98
17	1	37	10	30	1	0	1	1
17	10	19	10	30	1	0	0.7	29
17	1	19	10	30	1	0	1	1
17	50	37	10	30	0	0	0.1	89
17	5	37	10	30	1	0	0.9	9
17	100	19	10	30	1	0	0	98
17	20	19	10	30	1	0	0.4	59
17	10	31	10	30	1	0	0.7	29
17	1	43	10	30	1	0	1	1
17	50	31	10	30	0	0	0.1	89
17	100	37	10	30	0	0	0	98
17	10	43	10	30	1	0	0.7	29
17	20	31	10	30	0	0	0.4	59
17	5	25	10	30	1	0	0.9	9
17	10	19	10	30	1	0	0.7	29
17	20	31	10	30	1	0	0.4	59
17	100	43	10	30	1	0	0	98
17	5	31	10	30	1	0	0.9	9
17	1	19	10	30	1	0	1	1
17	50	19	10	30	1	0	0.1	89
17	100	25	10	30	1	0	0	98
17	10	43	10	30	1	0	0.7	29
17	20	43	10	30	0	0	0.4	59
17	50	43	10	30	0	0	0.1	89
17	5	43	10	30	1	0	0.9	9
17	1	43	10	30	1	0	1	1
17	50	31	10	30	1	0	0.1	89
17	5	19	10	30	1	0	0.9	9
17	20	25	10	30	1	0	0.4	59
17	1	37	10	30	1	0	1	1
17	10	31	10	30	1	0	0.7	29
17	100	37	10	30	1	0	0	98
17	10	25	10	30	1	0	0.7	29
17	20	37	10	30	1	0	0.4	59
17	50	25	10	30	0	0	0.1	89
17	1	25	10	30	1	0	1	1
17	100	19	10	30	0	0	0	98
17	5	37	10	30	1	0	0.9	9
17	5	25	10	30	1	0	0.9	9
17	20	19	10	30	1	0	0.4	59
17	100	31	10	30	0	0	0	98
17	10	37	10	30	1	0	0.7	29
17	1	31	10	30	1	0	1	1
17	50	37	10	30	1	0	0.1	89
17	10	19	20	20	1	1	0.7	29
17	100	37	20	20	0	1	0	98
17	50	43	20	20	0	1	0.1	89
17	5	37	20	20	1	1	0.9	9
17	1	43	20	20	1	1	1	1
17	20	37	20	20	1	1	0.4	59
17	20	31	20	20	1	1	0.4	59
17	100	19	20	20	1	1	0	98
17	10	31	20	20	1	1	0.7	29
17	50	25	20	20	0	1	0.1	89
17	5	31	20	20	1	1	0.9	9
17	1	37	20	20	1	1	1	1
17	1	25	20	20	1	1	1	1
17	20	43	20	20	0	1	0.4	59
17	5	43	20	20	1	1	0.9	9
17	10	25	20	20	1	1	0.7	29
17	100	25	20	20	0	1	0	98
17	50	37	20	20	0	1	0.1	89
17	10	37	20	20	1	1	0.7	29
17	20	25	20	20	1	1	0.4	59
17	100	43	20	20	0	1	0	98
17	5	19	20	20	1	1	0.9	9
17	50	31	20	20	0	1	0.1	89
17	1	19	20	20	1	1	1	1
17	20	19	20	20	1	1	0.4	59
17	5	25	20	20	1	1	0.9	9
17	10	43	20	20	1	1	0.7	29
17	1	31	20	20	1	1	1	1
17	50	19	20	20	1	1	0.1	89
17	100	31	20	20	0	1	0	98
18	50	31	20	20	0	1	0.26	64
18	10	25	20	20	1	1	0.68	27
18	100	19	20	20	1	1	0.08	79
18	1	43	20	20	0	1	1	1
18	5	31	20	20	0	1	0.68	27
18	20	37	20	20	0	1	0.68	27
18	10	37	20	20	0	1	0.68	27
18	1	19	20	20	1	1	1	1
18	100	37	20	20	0	1	0.08	79
18	5	43	20	20	0	1	0.68	27
18	50	19	20	20	1	1	0.26	64
18	20	19	20	20	1	1	0.68	27
18	20	31	20	20	1	1	0.68	27
18	50	37	20	20	0	1	0.26	64
18	1	25	20	20	1	1	1	1
18	100	25	20	20	0	1	0.08	79
18	5	37	20	20	0	1	0.68	27
18	10	43	20	20	0	1	0.68	27
18	10	19	20	20	1	1	0.68	27
18	5	19	20	20	1	1	0.68	27
18	50	43	20	20	0	1	0.26	64
18	20	43	20	20	0	1	0.68	27
18	100	43	20	20	0	1	0.08	79
18	1	31	20	20	1	1	1	1
18	1	37	20	20	1	1	1	1
18	10	31	20	20	1	1	0.68	27
18	100	31	20	20	0	1	0.08	79
18	50	25	20	20	0	1	0.26	64
18	20	25	20	20	0	1	0.68	27
18	5	25	20	20	1	1	0.68	27
18	5	19	10	30	0	0	0.68	27
18	1	31	10	30	1	0	1	1
18	10	37	10	30	0	0	0.68	27
18	100	43	10	30	0	0	0.08	79
18	20	43	10	30	0	0	0.68	27
18	50	31	10	30	0	0	0.26	64
18	100	25	10	30	0	0	0.08	79
18	50	37	10	30	0	0	0.26	64
18	10	19	10	30	1	0	0.68	27
18	20	25	10	30	0	0	0.68	27
18	5	37	10	30	0	0	0.68	27
18	1	19	10	30	1	0	1	1
18	10	25	10	30	1	0	0.68	27
18	20	31	10	30	0	0	0.68	27
18	1	25	10	30	1	0	1	1
18	100	31	10	30	0	0	0.08	79
18	5	43	10	30	0	0	0.68	27
18	50	25	10	30	0	0	0.26	64
18	10	43	10	30	0	0	0.68	27
18	50	19	10	30	0	0	0.26	64
18	1	37	10	30	1	0	1	1
18	100	37	10	30	0	0	0.08	79
18	5	31	10	30	0	0	0.68	27
18	20	37	10	30	0	0	0.68	27
18	10	31	10	30	0	0	0.68	27
18	100	19	10	30	0	0	0.08	79
18	5	25	10	30	1	0	0.68	27
18	50	43	10	30	0	0	0.26	64
18	20	19	10	30	1	0	0.68	27
18	1	43	10	30	0	0	1	1
18	1	43	10	30	0	0	1	1
18	100	37	10	30	0	0	0.08	79
18	20	43	10	30	0	0	0.68	27
18	5	25	10	30	1	0	0.68	27
18	10	37	10	30	0	0	0.68	27
18	50	37	10	30	0	0	0.26	64
18	1	31	10	30	1	0	1	1
18	50	25	10	30	1	0	0.26	64
18	10	31	10	30	1	0	0.68	27
18	5	19	10	30	1	0	0.68	27
18	20	25	10	30	1	0	0.68	27
18	100	43	10	30	0	0	0.08	79
18	100	25	10	30	0	0	0.08	79
18	20	37	10	30	0	0	0.68	27
18	5	37	10	30	0	0	0.68	27
18	10	19	10	30	1	0	0.68	27
18	50	31	10	30	0	0	0.26	64
18	1	19	10	30	1	0	1	1
18	20	19	10	30	1	0	0.68	27
18	5	31	10	30	1	0	0.68	27
18	50	19	10	30	1	0	0.26	64
18	1	25	10	30	1	0	1	1
18	10	25	10	30	1	0	0.68	27
18	100	19	10	30	0	0	0.08	79
18	20	31	10	30	0	0	0.68	27
18	50	43	10	30	0	0	0.26	64
18	1	37	10	30	1	0	1	1
18	5	43	10	30	0	0	0.68	27
18	10	43	10	30	0	0	0.68	27
18	100	31	10	30	0	0	0.08	79
18	5	19	20	20	1	1	0.68	27
18	50	43	20	20	0	1	0.26	64
18	100	37	20	20	0	1	0.08	79
18	10	43	20	20	0	1	0.68	27
18	1	37	20	20	0	1	1	1
18	20	25	20	20	1	1	0.68	27
18	100	25	20	20	0	1	0.08	79
18	50	25	20	20	0	1	0.26	64
18	5	43	20	20	0	1	0.68	27
18	10	37	20	20	1	1	0.68	27
18	20	37	20	20	1	1	0.68	27
18	1	31	20	20	1	1	1	1
18	20	31	20	20	1	1	0.68	27
18	1	25	20	20	1	1	1	1
18	10	25	20	20	1	1	0.68	27
18	5	31	20	20	0	1	0.68	27
18	50	19	20	20	1	1	0.26	64
18	100	19	20	20	1	1	0.08	79
18	1	19	20	20	1	1	1	1
18	10	19	20	20	1	1	0.68	27
18	5	25	20	20	1	1	0.68	27
18	100	43	20	20	0	1	0.08	79
18	20	19	20	20	1	1	0.68	27
18	50	31	20	20	0	1	0.26	64
18	10	31	20	20	1	1	0.68	27
18	100	31	20	20	0	1	0.08	79
18	20	43	20	20	0	1	0.68	27
18	1	43	20	20	0	1	1	1
18	5	37	20	20	0	1	0.68	27
18	50	37	20	20	0	1	0.26	64
19	20	31	20	20	0	1	0.67	31
19	100	19	20	20	0	1	0	95
19	1	19	20	20	0	1	1	1
19	5	19	20	20	1	1	0.91	8
19	10	31	20	20	0	1	0.88	11
19	50	43	20	20	0	1	0.05	91
19	5	37	20	20	0	1	0.91	8
19	50	19	20	20	0	1	0.05	91
19	1	37	20	20	1	1	1	1
19	100	25	20	20	0	1	0	95
19	20	37	20	20	1	1	0.67	31
19	10	43	20	20	0	1	0.88	11
19	100	37	20	20	0	1	0	95
19	5	31	20	20	0	1	0.91	8
19	10	37	20	20	0	1	0.88	11
19	1	31	20	20	1	1	1	1
19	20	43	20	20	0	1	0.67	31
19	50	37	20	20	0	1	0.05	91
19	1	43	20	20	1	1	1	1
19	50	25	20	20	0	1	0.05	91
19	5	43	20	20	0	1	0.91	8
19	100	43	20	20	0	1	0	95
19	20	25	20	20	1	1	0.67	31
19	10	25	20	20	1	1	0.88	11
19	50	31	20	20	0	1	0.05	91
19	10	19	20	20	1	1	0.88	11
19	100	31	20	20	0	1	0	95
19	5	25	20	20	1	1	0.91	8
19	1	25	20	20	1	1	1	1
19	20	19	20	20	1	1	0.67	31
19	20	31	10	30	0	0	0.67	31
19	50	37	10	30	0	0	0.05	91
19	5	25	10	30	1	0	0.91	8
19	1	19	10	30	1	0	1	1
19	100	31	10	30	0	0	0	95
19	10	31	10	30	1	0	0.88	11
19	10	37	10	30	0	0	0.88	11
19	1	25	10	30	1	0	1	1
19	100	37	10	30	0	0	0	95
19	20	19	10	30	1	0	0.67	31
19	50	19	10	30	0	0	0.05	91
19	5	31	10	30	1	0	0.91	8
19	1	37	10	30	0	0	1	1
19	100	25	10	30	0	0	0	95
19	20	37	10	30	0	0	0.67	31
19	5	37	10	30	0	0	0.91	8
19	50	43	10	30	0	0	0.05	91
19	10	25	10	30	1	0	0.88	11
19	5	19	10	30	1	0	0.91	8
19	50	31	10	30	0	0	0.05	91
19	10	19	10	30	1	0	0.88	11
19	20	43	10	30	0	0	0.67	31
19	100	19	10	30	0	0	0	95
19	1	31	10	30	1	0	1	1
19	5	43	10	30	0	0	0.91	8
19	1	43	10	30	0	0	1	1
19	50	25	10	30	0	0	0.05	91
19	10	43	10	30	0	0	0.88	11
19	20	25	10	30	1	0	0.67	31
19	100	43	10	30	0	0	0	95
19	1	43	20	20	0	1	1	1
19	50	25	20	20	0	1	0.05	91
19	5	19	20	20	1	1	0.91	8
19	20	19	20	20	1	1	0.67	31
19	100	25	20	20	0	1	0	95
19	10	25	20	20	1	1	0.88	11
19	20	37	20	20	0	1	0.67	31
19	50	19	20	20	1	1	0.05	91
19	5	31	20	20	1	1	0.91	8
19	10	43	20	20	0	1	0.88	11
19	100	37	20	20	0	1	0	95
19	1	19	20	20	1	1	1	1
19	20	31	20	20	1	1	0.67	31
19	50	37	20	20	0	1	0.05	91
19	100	43	20	20	0	1	0	95
19	5	37	20	20	0	1	0.91	8
19	1	31	20	20	1	1	1	1
19	10	31	20	20	1	1	0.88	11
19	50	43	20	20	0	1	0.05	91
19	5	43	20	20	0	1	0.91	8
19	1	37	20	20	0	1	1	1
19	10	37	20	20	0	1	0.88	11
19	100	19	20	20	0	1	0	95
19	20	25	20	20	1	1	0.67	31
19	10	19	20	20	1	1	0.88	11
19	50	31	20	20	0	1	0.05	91
19	1	25	20	20	1	1	1	1
19	100	31	20	20	0	1	0	95
19	5	25	20	20	1	1	0.91	8
19	20	43	20	20	0	1	0.67	31
19	1	43	10	30	0	0	1	1
19	10	43	10	30	0	0	0.88	11
19	5	25	10	30	1	0	0.91	8
19	20	31	10	30	1	0	0.67	31
19	50	19	10	30	0	0	0.05	91
19	100	37	10	30	0	0	0	95
19	100	19	10	30	0	0	0	95
19	1	25	10	30	1	0	1	1
19	50	31	10	30	0	0	0.05	91
19	5	19	10	30	1	0	0.91	8
19	10	31	10	30	1	0	0.88	11
19	20	43	10	30	0	0	0.67	31
19	10	37	10	30	0	0	0.88	11
19	1	37	10	30	0	0	1	1
19	20	37	10	30	0	0	0.67	31
19	50	43	10	30	0	0	0.05	91
19	100	31	10	30	0	0	0	95
19	5	31	10	30	1	0	0.91	8
19	5	37	10	30	0	0	0.91	8
19	50	25	10	30	0	0	0.05	91
19	10	25	10	30	1	0	0.88	11
19	100	43	10	30	0	0	0	95
19	1	19	10	30	1	0	1	1
19	20	19	10	30	1	0	0.67	31
19	50	37	10	30	0	0	0.05	91
19	10	19	10	30	1	0	0.88	11
19	1	31	10	30	1	0	1	1
19	20	25	10	30	1	0	0.67	31
19	5	43	10	30	0	0	0.91	8
19	100	25	10	30	0	0	0	95
20	50	25	20	20	0	1	0.13	86
20	1	43	20	20	1	1	1	1
20	100	37	20	20	0	1	0.01	97
20	5	31	20	20	1	1	0.92	7
20	10	37	20	20	1	1	0.93	6
20	20	43	20	20	1	1	0.89	10
20	1	31	20	20	1	1	1	1
20	100	43	20	20	0	1	0.01	97
20	5	37	20	20	1	1	0.92	7
20	20	31	20	20	1	1	0.89	10
20	50	19	20	20	0	1	0.13	86
20	10	43	20	20	1	1	0.93	6
20	100	19	20	20	0	1	0.01	97
20	5	43	20	20	1	1	0.92	7
20	50	31	20	20	0	1	0.13	86
20	1	19	20	20	0	1	1	1
20	20	37	20	20	1	1	0.89	10
20	10	19	20	20	1	1	0.93	6
20	5	25	20	20	1	1	0.92	7
20	50	43	20	20	0	1	0.13	86
20	100	25	20	20	0	1	0.01	97
20	10	31	20	20	0	1	0.93	6
20	1	25	20	20	1	1	1	1
20	20	25	20	20	1	1	0.89	10
20	20	19	20	20	0	1	0.89	10
20	100	31	20	20	0	1	0.01	97
20	10	25	20	20	1	1	0.93	6
20	1	37	20	20	1	1	1	1
20	50	37	20	20	0	1	0.13	86
20	5	19	20	20	1	1	0.92	7
20	10	19	10	30	1	0	0.93	6
20	50	31	10	30	0	0	0.13	86
20	100	43	10	30	0	0	0.01	97
20	20	19	10	30	1	0	0.89	10
20	5	43	10	30	1	0	0.92	7
20	1	31	10	30	1	0	1	1
20	5	37	10	30	1	0	0.92	7
20	100	37	10	30	0	0	0.01	97
20	1	25	10	30	1	0	1	1
20	10	31	10	30	1	0	0.93	6
20	50	43	10	30	0	0	0.13	86
20	20	31	10	30	1	0	0.89	10
20	5	31	10	30	1	0	0.92	7
20	50	25	10	30	0	0	0.13	86
20	20	25	10	30	0	0	0.89	10
20	100	25	10	30	0	0	0.01	97
20	10	25	10	30	1	0	0.93	6
20	1	43	10	30	1	0	1	1
20	100	31	10	30	0	0	0.01	97
20	20	43	10	30	1	0	0.89	10
20	1	19	10	30	0	0	1	1
20	50	19	10	30	0	0	0.13	86
20	5	25	10	30	1	0	0.92	7
20	10	37	10	30	1	0	0.93	6
20	10	43	10	30	1	0	0.93	6
20	1	37	10	30	1	0	1	1
20	5	19	10	30	1	0	0.92	7
20	50	37	10	30	0	0	0.13	86
20	100	19	10	30	0	0	0.01	97
20	20	37	10	30	1	0	0.89	10
20	10	37	10	30	1	0	0.93	6
20	5	31	10	30	1	0	0.92	7
20	20	31	10	30	1	0	0.89	10
20	50	43	10	30	0	0	0.13	86
20	1	31	10	30	1	0	1	1
20	100	19	10	30	0	0	0.01	97
20	20	37	10	30	1	0	0.89	10
20	5	19	10	30	1	0	0.92	7
20	10	25	10	30	1	0	0.93	6
20	50	19	10	30	0	0	0.13	86
20	1	19	10	30	0	0	1	1
20	100	31	10	30	0	0	0.01	97
20	10	19	10	30	1	0	0.93	6
20	1	43	10	30	1	0	1	1
20	100	37	10	30	0	0	0.01	97
20	20	25	10	30	1	0	0.89	10
20	50	31	10	30	0	0	0.13	86
20	5	43	10	30	1	0	0.92	7
20	50	25	10	30	0	0	0.13	86
20	20	43	10	30	1	0	0.89	10
20	100	25	10	30	0	0	0.01	97
20	10	43	10	30	1	0	0.93	6
20	5	25	10	30	1	0	0.92	7
20	1	37	10	30	1	0	1	1
20	10	31	10	30	1	0	0.93	6
20	100	43	10	30	0	0	0.01	97
20	5	37	10	30	1	0	0.92	7
20	50	37	10	30	0	0	0.13	86
20	20	19	10	30	1	0	0.89	10
20	1	25	10	30	1	0	1	1
20	50	37	20	20	0	1	0.13	86
20	10	25	20	20	1	1	0.93	6
20	100	31	20	20	0	1	0.01	97
20	5	37	20	20	1	1	0.92	7
20	1	37	20	20	1	1	1	1
20	20	31	20	20	1	1	0.89	10
20	50	19	20	20	0	1	0.13	86
20	100	19	20	20	0	1	0.01	97
20	20	37	20	20	1	1	0.89	10
20	10	37	20	20	1	1	0.93	6
20	5	31	20	20	1	1	0.92	7
20	1	43	20	20	1	1	1	1
20	10	19	20	20	1	1	0.93	6
20	100	25	20	20	0	1	0.01	97
20	20	43	20	20	1	1	0.89	10
20	50	25	20	20	0	1	0.13	86
20	5	19	20	20	1	1	0.92	7
20	1	25	20	20	0	1	1	1
20	1	19	20	20	1	1	1	1
20	10	31	20	20	1	1	0.93	6
20	20	19	20	20	1	1	0.89	10
20	5	43	20	20	1	1	0.92	7
20	100	37	20	20	1	1	0.01	97
20	50	43	20	20	0	1	0.13	86
20	100	43	20	20	0	1	0.01	97
20	10	43	20	20	1	1	0.93	6
20	50	31	20	20	0	1	0.13	86
20	1	31	20	20	1	1	1	1
20	20	25	20	20	1	1	0.89	10
20	5	25	20	20	1	1	0.92	7
21	50	43	10	30	0	0	0.49	46
21	5	37	10	30	1	0	0.9	8
21	100	19	10	30	0	0	0.02	88
21	1	25	10	30	1	0	1	1
21	10	19	10	30	1	0	0.91	7
21	20	19	10	30	1	0	0.75	22
21	10	31	10	30	1	0	0.91	7
21	5	31	10	30	1	0	0.9	8
21	50	31	10	30	0	0	0.49	46
21	100	43	10	30	1	0	0.02	88
21	20	43	10	30	0	0	0.75	22
21	1	37	10	30	1	0	1	1
21	1	31	10	30	1	0	1	1
21	100	37	10	30	0	0	0.02	88
21	10	37	10	30	1	0	0.91	7
21	20	37	10	30	1	0	0.75	22
21	50	19	10	30	0	0	0.49	46
21	5	19	10	30	1	0	0.9	8
21	50	25	10	30	0	0	0.49	46
21	5	25	10	30	0	0	0.9	8
21	10	25	10	30	0	0	0.91	7
21	20	25	10	30	0	0	0.75	22
21	1	43	10	30	1	0	1	1
21	100	25	10	30	0	0	0.02	88
21	50	37	10	30	1	0	0.49	46
21	10	43	10	30	1	0	0.91	7
21	5	43	10	30	1	0	0.9	8
21	100	31	10	30	0	0	0.02	88
21	1	19	10	30	1	0	1	1
21	20	31	10	30	1	0	0.75	22
21	50	37	10	30	1	0	0.49	46
21	1	19	10	30	1	0	1	1
21	5	31	10	30	1	0	0.9	8
21	20	25	10	30	1	0	0.75	22
21	10	25	10	30	0	0	0.91	7
21	100	19	10	30	0	0	0.02	88
21	50	31	10	30	0	0	0.49	46
21	10	37	10	30	1	0	0.91	7
21	20	19	10	30	1	0	0.75	22
21	100	37	10	30	1	0	0.02	88
21	1	37	10	30	1	0	1	1
21	5	25	10	30	0	0	0.9	8
21	50	19	10	30	1	0	0.49	46
21	5	19	10	30	1	0	0.9	8
21	20	37	10	30	1	0	0.75	22
21	100	31	10	30	0	0	0.02	88
21	1	31	10	30	1	0	1	1
21	10	19	10	30	1	0	0.91	7
21	10	43	10	30	1	0	0.91	7
21	1	43	10	30	1	0	1	1
21	5	43	10	30	1	0	0.9	8
21	100	25	10	30	0	0	0.02	88
21	50	43	10	30	0	0	0.49	46
21	20	31	10	30	0	0	0.75	22
21	100	43	10	30	0	0	0.02	88
21	20	43	10	30	1	0	0.75	22
21	5	37	10	30	1	0	0.9	8
21	1	25	10	30	1	0	1	1
21	10	31	10	30	1	0	0.91	7
21	50	25	10	30	0	0	0.49	46
21	1	43	20	20	1	1	1	1
21	100	31	20	20	1	1	0.02	88
21	20	43	20	20	0	1	0.75	22
21	50	25	20	20	0	1	0.49	46
21	5	25	20	20	1	1	0.9	8
21	10	19	20	20	1	1	0.91	7
21	10	25	20	20	0	1	0.91	7
21	50	37	20	20	1	1	0.49	46
21	1	37	20	20	1	1	1	1
21	20	37	20	20	0	1	0.75	22
21	5	43	20	20	1	1	0.9	8
21	100	37	20	20	0	1	0.02	88
21	20	19	20	20	1	1	0.75	22
21	1	25	20	20	1	1	1	1
21	10	37	20	20	1	1	0.91	7
21	5	31	20	20	1	1	0.9	8
21	100	19	20	20	1	1	0.02	88
21	50	19	20	20	1	1	0.49	46
21	1	31	20	20	0	1	1	1
21	100	43	20	20	0	1	0.02	88
21	10	43	20	20	1	1	0.91	7
21	5	37	20	20	1	1	0.9	8
21	50	31	20	20	0	1	0.49	46
21	20	25	20	20	0	1	0.75	22
21	20	31	20	20	0	1	0.75	22
21	1	19	20	20	1	1	1	1
21	5	19	20	20	1	1	0.9	8
21	10	31	20	20	1	1	0.91	7
21	50	43	20	20	1	1	0.49	46
21	100	25	20	20	0	1	0.02	88
21	10	31	20	20	1	1	0.91	7
21	100	43	20	20	0	1	0.02	88
21	5	25	20	20	1	1	0.9	8
21	50	43	20	20	0	1	0.49	46
21	20	31	20	20	1	1	0.75	22
21	1	31	20	20	1	1	1	1
21	20	43	20	20	1	1	0.75	22
21	1	25	20	20	0	1	1	1
21	10	25	20	20	1	1	0.91	7
21	5	37	20	20	1	1	0.9	8
21	100	19	20	20	0	1	0.02	88
21	50	37	20	20	1	1	0.49	46
21	50	19	20	20	1	1	0.49	46
21	1	19	20	20	1	1	1	1
21	10	43	20	20	0	1	0.91	7
21	100	37	20	20	1	1	0.02	88
21	20	19	20	20	1	1	0.75	22
21	5	43	20	20	1	1	0.9	8
21	5	19	20	20	1	1	0.9	8
21	20	37	20	20	1	1	0.75	22
21	10	19	20	20	1	1	0.91	7
21	50	25	20	20	1	1	0.49	46
21	1	37	20	20	1	1	1	1
21	100	25	20	20	0	1	0.02	88
21	20	25	20	20	1	1	0.75	22
21	100	31	20	20	0	1	0.02	88
21	1	43	20	20	1	1	1	1
21	10	37	20	20	1	1	0.91	7
21	50	31	20	20	1	1	0.49	46
21	5	31	20	20	1	1	0.9	8
22	1	25	10	30	1	0	1	1
22	20	43	10	30	1	0	0.61	34
22	100	31	10	30	0	0	0.01	87
22	5	37	10	30	1	0	0.94	4
22	50	19	10	30	1	0	0.22	69
22	10	43	10	30	1	0	0.83	14
22	1	19	10	30	1	0	1	1
22	100	19	10	30	1	0	0.01	87
22	50	25	10	30	1	0	0.22	69
22	10	31	10	30	1	0	0.83	14
22	5	19	10	30	1	0	0.94	4
22	20	31	10	30	1	0	0.61	34
22	50	31	10	30	0	0	0.22	69
22	20	37	10	30	0	0	0.61	34
22	100	37	10	30	0	0	0.01	87
22	1	31	10	30	1	0	1	1
22	10	25	10	30	1	0	0.83	14
22	5	31	10	30	1	0	0.94	4
22	20	19	10	30	1	0	0.61	34
22	50	43	10	30	0	0	0.22	69
22	1	37	10	30	0	0	1	1
22	5	43	10	30	0	0	0.94	4
22	100	25	10	30	0	0	0.01	87
22	10	19	10	30	1	0	0.83	14
22	10	37	10	30	0	0	0.83	14
22	5	25	10	30	1	0	0.94	4
22	100	43	10	30	0	0	0.01	87
22	1	43	10	30	0	0	1	1
22	50	37	10	30	0	0	0.22	69
22	20	25	10	30	0	0	0.61	34
22	50	25	20	20	1	1	0.22	69
22	5	19	20	20	1	1	0.94	4
22	100	25	20	20	0	1	0.01	87
22	10	37	20	20	0	1	0.83	14
22	1	37	20	20	0	1	1	1
22	20	43	20	20	0	1	0.61	34
22	1	31	20	20	1	1	1	1
22	10	25	20	20	1	1	0.83	14
22	20	37	20	20	0	1	0.61	34
22	5	25	20	20	1	1	0.94	4
22	100	37	20	20	0	1	0.01	87
22	50	31	20	20	0	1	0.22	69
22	5	43	20	20	0	1	0.94	4
22	10	19	20	20	1	1	0.83	14
22	50	37	20	20	0	1	0.22	69
22	20	31	20	20	0	1	0.61	34
22	100	19	20	20	0	1	0.01	87
22	1	19	20	20	1	1	1	1
22	5	37	20	20	0	1	0.94	4
22	1	25	20	20	1	1	1	1
22	50	43	20	20	0	1	0.22	69
22	10	43	20	20	0	1	0.83	14
22	20	19	20	20	1	1	0.61	34
22	100	43	20	20	0	1	0.01	87
22	10	31	20	20	0	1	0.83	14
22	5	31	20	20	1	1	0.94	4
22	20	25	20	20	0	1	0.61	34
22	1	43	20	20	0	1	1	1
22	100	31	20	20	0	1	0.01	87
22	50	19	20	20	1	1	0.22	69
22	5	19	20	20	1	1	0.94	4
22	1	31	20	20	1	1	1	1
22	20	43	20	20	0	1	0.61	34
22	50	43	20	20	0	1	0.22	69
22	10	37	20	20	0	1	0.83	14
22	100	31	20	20	0	1	0.01	87
22	10	43	20	20	0	1	0.83	14
22	5	43	20	20	0	1	0.94	4
22	1	43	20	20	0	1	1	1
22	100	25	20	20	0	1	0.01	87
22	50	25	20	20	1	1	0.22	69
22	20	19	20	20	1	1	0.61	34
22	100	37	20	20	0	1	0.01	87
22	10	19	20	20	1	1	0.83	14
22	1	25	20	20	1	1	1	1
22	5	37	20	20	0	1	0.94	4
22	20	31	20	20	0	1	0.61	34
22	50	37	20	20	0	1	0.22	69
22	10	31	20	20	1	1	0.83	14
22	100	43	20	20	0	1	0.01	87
22	5	31	20	20	1	1	0.94	4
22	20	37	20	20	0	1	0.61	34
22	1	19	20	20	1	1	1	1
22	50	19	20	20	1	1	0.22	69
22	1	37	20	20	0	1	1	1
22	100	19	20	20	1	1	0.01	87
22	10	25	20	20	1	1	0.83	14
22	50	31	20	20	0	1	0.22	69
22	20	25	20	20	0	1	0.61	34
22	5	25	20	20	1	1	0.94	4
22	50	19	10	30	1	0	0.22	69
22	5	31	10	30	1	0	0.94	4
22	20	37	10	30	0	0	0.61	34
22	1	43	10	30	0	0	1	1
22	10	19	10	30	1	0	0.83	14
22	100	37	10	30	0	0	0.01	87
22	50	43	10	30	0	0	0.22	69
22	20	25	10	30	0	0	0.61	34
22	5	25	10	30	1	0	0.94	4
22	10	31	10	30	1	0	0.83	14
22	1	31	10	30	1	0	1	1
22	100	43	10	30	0	0	0.01	87
22	50	31	10	30	0	0	0.22	69
22	1	19	10	30	1	0	1	1
22	5	19	10	30	1	0	0.94	4
22	10	43	10	30	0	0	0.83	14
22	100	19	10	30	1	0	0.01	87
22	20	31	10	30	0	0	0.61	34
22	1	25	10	30	1	0	1	1
22	10	25	10	30	1	0	0.83	14
22	100	31	10	30	0	0	0.01	87
22	20	43	10	30	0	0	0.61	34
22	50	25	10	30	0	0	0.22	69
22	5	37	10	30	0	0	0.94	4
22	20	19	10	30	1	0	0.61	34
22	5	43	10	30	0	0	0.94	4
22	100	25	10	30	0	0	0.01	87
22	1	37	10	30	1	0	1	1
22	50	37	10	30	0	0	0.22	69
22	10	37	10	30	0	0	0.83	14
23	100	31	20	20	0	1	0.01	97
23	50	19	20	20	1	1	0.17	82
23	1	31	20	20	1	1	1	1
23	20	25	20	20	1	1	0.6	39
23	5	19	20	20	1	1	0.85	14
23	10	25	20	20	1	1	0.7	29
23	100	37	20	20	0	1	0.01	97
23	50	43	20	20	0	1	0.17	82
23	10	31	20	20	1	1	0.7	29
23	20	37	20	20	1	1	0.6	39
23	5	37	20	20	1	1	0.85	14
23	1	37	20	20	1	1	1	1
23	10	37	20	20	1	1	0.7	29
23	20	19	20	20	1	1	0.6	39
23	50	31	20	20	0	1	0.17	82
23	100	25	20	20	0	1	0.01	97
23	1	43	20	20	1	1	1	1
23	5	25	20	20	1	1	0.85	14
23	20	43	20	20	0	1	0.6	39
23	10	43	20	20	0	1	0.7	29
23	100	43	20	20	0	1	0.01	97
23	1	25	20	20	1	1	1	1
23	5	31	20	20	1	1	0.85	14
23	50	25	20	20	1	1	0.17	82
23	20	31	20	20	1	1	0.6	39
23	50	37	20	20	0	1	0.17	82
23	100	19	20	20	0	1	0.01	97
23	1	19	20	20	1	1	1	1
23	5	43	20	20	0	1	0.85	14
23	10	19	20	20	1	1	0.7	29
23	50	37	10	30	0	0	0.17	82
23	1	37	10	30	0	0	1	1
23	10	37	10	30	0	0	0.7	29
23	20	37	10	30	0	0	0.6	39
23	5	31	10	30	1	0	0.85	14
23	100	31	10	30	0	0	0.01	97
23	100	19	10	30	0	0	0.01	97
23	50	31	10	30	0	0	0.17	82
23	20	19	10	30	1	0	0.6	39
23	5	19	10	30	1	0	0.85	14
23	1	31	10	30	1	0	1	1
23	10	43	10	30	0	0	0.7	29
23	50	25	10	30	0	0	0.17	82
23	5	25	10	30	1	0	0.85	14
23	10	25	10	30	0	0	0.7	29
23	100	25	10	30	0	0	0.01	97
23	20	25	10	30	0	0	0.6	39
23	1	25	10	30	1	0	1	1
23	5	43	10	30	0	0	0.85	14
23	20	31	10	30	0	0	0.6	39
23	50	43	10	30	0	0	0.17	82
23	10	19	10	30	1	0	0.7	29
23	1	43	10	30	1	0	1	1
23	100	43	10	30	0	0	0.01	97
23	1	19	10	30	1	0	1	1
23	5	37	10	30	1	0	0.85	14
23	50	19	10	30	1	0	0.17	82
23	100	37	10	30	0	0	0.01	97
23	20	43	10	30	0	0	0.6	39
23	10	31	10	30	1	0	0.7	29
23	100	43	10	30	0	0	0.01	97
23	5	37	10	30	1	0	0.85	14
23	20	31	10	30	1	0	0.6	39
23	1	31	10	30	1	0	1	1
23	50	31	10	30	0	0	0.17	82
23	10	43	10	30	0	0	0.7	29
23	20	25	10	30	1	0	0.6	39
23	50	37	10	30	1	0	0.17	82
23	100	25	10	30	0	0	0.01	97
23	10	25	10	30	1	0	0.7	29
23	5	43	10	30	0	0	0.85	14
23	1	37	10	30	1	0	1	1
23	100	31	10	30	0	0	0.01	97
23	10	31	10	30	0	0	0.7	29
23	5	19	10	30	1	0	0.85	14
23	1	25	10	30	1	0	1	1
23	20	19	10	30	1	0	0.6	39
23	50	19	10	30	0	0	0.17	82
23	10	19	10	30	1	0	0.7	29
23	50	43	10	30	0	0	0.17	82
23	20	43	10	30	0	0	0.6	39
23	5	31	10	30	1	0	0.85	14
23	100	37	10	30	0	0	0.01	97
23	1	43	10	30	0	0	1	1
23	10	37	10	30	1	0	0.7	29
23	5	25	10	30	1	0	0.85	14
23	20	37	10	30	0	0	0.6	39
23	100	19	10	30	1	0	0.01	97
23	1	19	10	30	1	0	1	1
23	50	25	10	30	0	0	0.17	82
23	20	31	20	20	1	1	0.6	39
23	100	43	20	20	0	1	0.01	97
23	10	37	20	20	0	1	0.7	29
23	1	43	20	20	1	1	1	1
23	5	31	20	20	0	1	0.85	14
23	50	37	20	20	0	1	0.17	82
23	50	25	20	20	1	1	0.17	82
23	100	37	20	20	0	1	0.01	97
23	5	43	20	20	0	1	0.85	14
23	1	19	20	20	1	1	1	1
23	10	25	20	20	1	1	0.7	29
23	20	37	20	20	0	1	0.6	39
23	50	31	20	20	0	1	0.17	82
23	1	37	20	20	1	1	1	1
23	5	19	20	20	1	1	0.85	14
23	100	19	20	20	1	1	0.01	97
23	20	19	20	20	1	1	0.6	39
23	10	19	20	20	1	1	0.7	29
23	5	25	20	20	1	1	0.85	14
23	1	31	20	20	1	1	1	1
23	20	43	20	20	0	1	0.6	39
23	100	25	20	20	0	1	0.01	97
23	10	43	20	20	0	1	0.7	29
23	50	19	20	20	1	1	0.17	82
23	5	37	20	20	1	1	0.85	14
23	50	43	20	20	0	1	0.17	82
23	10	31	20	20	1	1	0.7	29
23	20	25	20	20	1	1	0.6	39
23	100	31	20	20	1	1	0.01	97
23	1	25	20	20	1	1	1	1
24	100	31	20	20	1	1	0	98
24	1	37	20	20	1	1	1	1
24	5	19	20	20	1	1	1	1
24	10	19	20	20	1	1	0.7	29
24	50	25	20	20	0	1	0.1	89
24	20	43	20	20	0	1	0.7	29
24	1	31	20	20	1	1	1	1
24	20	19	20	20	1	1	0.7	29
24	50	19	20	20	0	1	0.1	89
24	100	19	20	20	0	1	0	98
24	10	37	20	20	0	1	0.7	29
24	5	25	20	20	1	1	1	1
24	5	43	20	20	0	1	1	1
24	10	25	20	20	0	1	0.7	29
24	1	43	20	20	0	1	1	1
24	20	31	20	20	0	1	0.7	29
24	50	31	20	20	0	1	0.1	89
24	100	25	20	20	0	1	0	98
24	10	43	20	20	0	1	0.7	29
24	50	37	20	20	0	1	0.1	89
24	5	31	20	20	0	1	1	1
24	1	25	20	20	1	1	1	1
24	20	25	20	20	1	1	0.7	29
24	100	37	20	20	0	1	0	98
24	100	43	20	20	0	1	0	98
24	1	19	20	20	1	1	1	1
24	50	43	20	20	0	1	0.1	89
24	10	31	20	20	0	1	0.7	29
24	5	37	20	20	0	1	1	1
24	20	37	20	20	0	1	0.7	29
24	50	43	10	30	0	0	0.1	89
24	1	31	10	30	1	0	1	1
24	5	19	10	30	1	0	1	1
24	20	25	10	30	1	0	0.7	29
24	10	19	10	30	1	0	0.7	29
24	100	37	10	30	0	0	0	98
24	1	37	10	30	1	0	1	1
24	20	43	10	30	0	0	0.7	29
24	5	37	10	30	1	0	1	1
24	50	31	10	30	1	0	0.1	89
24	100	19	10	30	1	0	0	98
24	10	31	10	30	1	0	0.7	29
24	20	31	10	30	1	0	0.7	29
24	5	43	10	30	0	0	1	1
24	50	37	10	30	0	0	0.1	89
24	100	25	10	30	1	0	0	98
24	10	37	10	30	1	0	0.7	29
24	1	19	10	30	1	0	1	1
24	20	37	10	30	1	0	0.7	29
24	10	43	10	30	0	0	0.7	29
24	5	31	10	30	1	0	1	1
24	1	25	10	30	1	0	1	1
24	100	31	10	30	1	0	0	98
24	50	25	10	30	1	0	0.1	89
24	10	25	10	30	1	0	0.7	29
24	50	19	10	30	1	0	0.1	89
24	1	43	10	30	0	0	1	1
24	20	19	10	30	1	0	0.7	29
24	100	43	10	30	0	0	0	98
24	5	25	10	30	1	0	1	1
24	20	37	10	30	0	0	0.7	29
24	5	43	10	30	0	0	1	1
24	1	37	10	30	0	0	1	1
24	100	25	10	30	0	0	0	98
24	10	31	10	30	0	0	0.7	29
24	50	43	10	30	0	0	0.1	89
24	20	43	10	30	0	0	0.7	29
24	100	31	10	30	0	0	0	98
24	5	19	10	30	1	0	1	1
24	50	25	10	30	0	0	0.1	89
24	1	25	10	30	1	0	1	1
24	10	25	10	30	0	0	0.7	29
24	1	31	10	30	0	0	1	1
24	100	19	10	30	0	0	0	98
24	5	37	10	30	0	0	1	1
24	20	25	10	30	0	0	0.7	29
24	10	37	10	30	0	0	0.7	29
24	50	37	10	30	0	0	0.1	89
24	1	43	10	30	0	0	1	1
24	10	19	10	30	1	0	0.7	29
24	50	31	10	30	0	0	0.1	89
24	100	43	10	30	0	0	0	98
24	5	25	10	30	1	0	1	1
24	20	31	10	30	0	0	0.7	29
24	20	19	10	30	1	0	0.7	29
24	1	19	10	30	1	0	1	1
24	50	19	10	30	0	0	0.1	89
24	10	43	10	30	0	0	0.7	29
24	100	37	10	30	0	0	0	98
24	5	31	10	30	0	0	1	1
24	10	25	20	20	1	1	0.7	29
24	100	31	20	20	0	1	0	98
24	1	43	20	20	0	1	1	1
24	20	37	20	20	0	1	0.7	29
24	50	43	20	20	0	1	0.1	89
24	5	37	20	20	0	1	1	1
24	20	43	20	20	0	1	0.7	29
24	5	43	20	20	0	1	1	1
24	1	31	20	20	1	1	1	1
24	10	31	20	20	0	1	0.7	29
24	50	25	20	20	0	1	0.1	89
24	100	19	20	20	1	1	0	98
24	1	37	20	20	0	1	1	1
24	50	37	20	20	0	1	0.1	89
24	10	37	20	20	0	1	0.7	29
24	100	43	20	20	0	1	0	98
24	5	31	20	20	0	1	1	1
24	20	19	20	20	1	1	0.7	29
24	5	25	20	20	1	1	1	1
24	10	19	20	20	1	1	0.7	29
24	20	31	20	20	0	1	0.7	29
24	1	25	20	20	1	1	1	1
24	50	19	20	20	1	1	0.1	89
24	100	25	20	20	0	1	0	98
24	1	19	20	20	1	1	1	1
24	50	31	20	20	0	1	0.1	89
24	5	19	20	20	1	1	1	1
24	20	25	20	20	1	1	0.7	29
24	100	37	20	20	0	1	0	98
24	10	43	20	20	0	1	0.7	29
25	5	31	20	20	1	1	0.78	19
25	100	43	20	20	0	1	0.01	87
25	20	37	20	20	0	1	0.22	69
25	50	25	20	20	0	1	0.03	86
25	10	37	20	20	1	1	0.5	44
25	1	19	20	20	1	1	1	1
25	5	19	20	20	1	1	0.78	19
25	10	25	20	20	0	1	0.5	44
25	50	37	20	20	0	1	0.03	86
25	1	25	20	20	1	1	1	1
25	100	31	20	20	0	1	0.01	87
25	20	25	20	20	1	1	0.22	69
25	1	37	20	20	1	1	1	1
25	50	19	20	20	1	1	0.03	86
25	20	19	20	20	1	1	0.22	69
25	100	19	20	20	1	1	0.01	87
25	5	37	20	20	1	1	0.78	19
25	10	31	20	20	0	1	0.5	44
25	5	43	20	20	1	1	0.78	19
25	50	43	20	20	0	1	0.03	86
25	20	31	20	20	0	1	0.22	69
25	100	25	20	20	1	1	0.01	87
25	1	43	20	20	1	1	1	1
25	10	19	20	20	1	1	0.5	44
25	10	43	20	20	0	1	0.5	44
25	50	31	20	20	0	1	0.03	86
25	5	25	20	20	0	1	0.78	19
25	100	37	20	20	0	1	0.01	87
25	1	31	20	20	1	1	1	1
25	20	43	20	20	0	1	0.22	69
25	20	43	10	30	0	0	0.22	69
25	5	31	10	30	1	0	0.78	19
25	100	37	10	30	0	0	0.01	87
25	10	43	10	30	0	0	0.5	44
25	1	31	10	30	1	0	1	1
25	50	43	10	30	0	0	0.03	86
25	5	37	10	30	1	0	0.78	19
25	100	43	10	30	0	0	0.01	87
25	1	19	10	30	1	0	1	1
25	50	37	10	30	0	0	0.03	86
25	10	19	10	30	0	0	0.5	44
25	20	25	10	30	1	0	0.22	69
25	20	37	10	30	0	0	0.22	69
25	5	43	10	30	1	0	0.78	19
25	50	31	10	30	0	0	0.03	86
25	1	25	10	30	1	0	1	1
25	100	31	10	30	1	0	0.01	87
25	10	37	10	30	0	0	0.5	44
25	20	19	10	30	0	0	0.22	69
25	100	25	10	30	1	0	0.01	87
25	5	25	10	30	1	0	0.78	19
25	50	19	10	30	0	0	0.03	86
25	10	31	10	30	1	0	0.5	44
25	1	43	10	30	1	0	1	1
25	10	25	10	30	1	0	0.5	44
25	1	37	10	30	1	0	1	1
25	20	31	10	30	0	0	0.22	69
25	100	19	10	30	1	0	0.01	87
25	50	25	10	30	0	0	0.03	86
25	5	19	10	30	0	0	0.78	19
25	50	43	20	20	0	1	0.03	86
25	20	19	20	20	1	1	0.22	69
25	1	19	20	20	1	1	1	1
25	100	43	20	20	0	1	0.01	87
25	10	31	20	20	1	1	0.5	44
25	5	31	20	20	1	1	0.78	19
25	5	37	20	20	1	1	0.78	19
25	10	19	20	20	0	1	0.5	44
25	100	31	20	20	1	1	0.01	87
25	50	19	20	20	1	1	0.03	86
25	20	25	20	20	0	1	0.22	69
25	1	25	20	20	1	1	1	1
25	5	25	20	20	1	1	0.78	19
25	10	25	20	20	0	1	0.5	44
25	20	31	20	20	0	1	0.22	69
25	1	43	20	20	1	1	1	1
25	50	31	20	20	0	1	0.03	86
25	100	25	20	20	1	1	0.01	87
25	20	37	20	20	0	1	0.22	69
25	50	37	20	20	0	1	0.03	86
25	5	43	20	20	1	1	0.78	19
25	100	37	20	20	0	1	0.01	87
25	1	31	20	20	1	1	1	1
25	10	43	20	20	0	1	0.5	44
25	5	19	20	20	0	1	0.78	19
25	10	37	20	20	0	1	0.5	44
25	1	37	20	20	1	1	1	1
25	100	19	20	20	1	1	0.01	87
25	20	43	20	20	1	1	0.22	69
25	50	25	20	20	0	1	0.03	86
25	10	43	10	30	0	0	0.5	44
25	20	31	10	30	0	0	0.22	69
25	50	43	10	30	0	0	0.03	86
25	100	37	10	30	0	0	0.01	87
25	5	43	10	30	1	0	0.78	19
25	1	37	10	30	1	0	1	1
25	20	43	10	30	0	0	0.22	69
25	50	31	10	30	0	0	0.03	86
25	100	25	10	30	1	0	0.01	87
25	5	25	10	30	1	0	0.78	19
25	10	31	10	30	0	0	0.5	44
25	1	31	10	30	1	0	1	1
25	50	37	10	30	0	0	0.03	86
25	1	19	10	30	1	0	1	1
25	5	31	10	30	1	0	0.78	19
25	10	25	10	30	1	0	0.5	44
25	100	19	10	30	1	0	0.01	87
25	20	25	10	30	1	0	0.22	69
25	10	37	10	30	0	0	0.5	44
25	100	43	10	30	0	0	0.01	87
25	50	19	10	30	1	0	0.03	86
25	5	19	10	30	0	0	0.78	19
25	20	19	10	30	1	0	0.22	69
25	1	25	10	30	1	0	1	1
25	5	37	10	30	1	0	0.78	19
25	50	25	10	30	1	0	0.03	86
25	10	19	10	30	1	0	0.5	44
25	20	37	10	30	0	0	0.22	69
25	100	31	10	30	1	0	0.01	87
25	1	43	10	30	1	0	1	1
26	1	19	20	20	1	1	1	1
26	10	31	20	20	0	1	0.74	24
26	5	31	20	20	0	1	0.91	8
26	20	31	20	20	0	1	0.62	36
26	50	37	20	20	0	1	0.01	95
26	100	31	20	20	0	1	0	95
26	5	37	20	20	0	1	0.91	8
26	50	25	20	20	0	1	0.01	95
26	20	25	20	20	0	1	0.62	36
26	10	43	20	20	0	1	0.74	24
26	100	19	20	20	0	1	0	95
26	1	25	20	20	0	1	1	1
26	10	25	20	20	0	1	0.74	24
26	100	25	20	20	0	1	0	95
26	50	43	20	20	0	1	0.01	95
26	5	25	20	20	0	1	0.91	8
26	20	37	20	20	0	1	0.62	36
26	1	43	20	20	0	1	1	1
26	20	43	20	20	0	1	0.62	36
26	100	37	20	20	0	1	0	95
26	50	19	20	20	0	1	0.01	95
26	10	37	20	20	0	1	0.74	24
26	5	19	20	20	1	1	0.91	8
26	1	37	20	20	0	1	1	1
26	10	19	20	20	1	1	0.74	24
26	5	43	20	20	0	1	0.91	8
26	20	19	20	20	0	1	0.62	36
26	100	43	20	20	0	1	0	95
26	50	31	20	20	0	1	0.01	95
26	1	31	20	20	1	1	1	1
26	10	25	10	30	0	0	0.74	24
26	100	19	10	30	0	0	0	95
26	20	19	10	30	0	0	0.62	36
26	1	19	10	30	1	0	1	1
26	5	37	10	30	0	0	0.91	8
26	50	37	10	30	0	0	0.01	95
26	50	19	10	30	0	0	0.01	95
26	10	43	10	30	0	0	0.74	24
26	20	43	10	30	0	0	0.62	36
26	5	25	10	30	0	0	0.91	8
26	100	37	10	30	0	0	0	95
26	1	37	10	30	1	0	1	1
26	10	37	10	30	0	0	0.74	24
26	50	25	10	30	0	0	0.01	95
26	5	31	10	30	0	0	0.91	8
26	100	43	10	30	0	0	0	95
26	20	31	10	30	0	0	0.62	36
26	1	31	10	30	1	0	1	1
26	1	43	10	30	0	0	1	1
26	5	43	10	30	0	0	0.91	8
26	50	43	10	30	0	0	0.01	95
26	10	31	10	30	1	0	0.74	24
26	100	31	10	30	0	0	0	95
26	20	37	10	30	0	0	0.62	36
26	20	25	10	30	1	0	0.62	36
26	1	25	10	30	1	0	1	1
26	10	19	10	30	1	0	0.74	24
26	100	25	10	30	0	0	0	95
26	50	31	10	30	0	0	0.01	95
26	5	19	10	30	0	0	0.91	8
26	10	31	20	20	1	1	0.74	24
26	50	19	20	20	0	1	0.01	95
26	20	25	20	20	1	1	0.62	36
26	100	31	20	20	0	1	0	95
26	1	19	20	20	1	1	1	1
26	5	31	20	20	1	1	0.91	8
26	10	25	20	20	1	1	0.74	24
26	50	43	20	20	0	1	0.01	95
26	20	37	20	20	1	1	0.62	36
26	5	37	20	20	1	1	0.91	8
26	1	25	20	20	1	1	1	1
26	100	19	20	20	0	1	0	95
26	50	31	20	20	0	1	0.01	95
26	1	43	20	20	0	1	1	1
26	5	19	20	20	1	1	0.91	8
26	100	37	20	20	0	1	0	95
26	10	37	20	20	1	1	0.74	24
26	20	31	20	20	0	1	0.62	36
26	20	43	20	20	0	1	0.62	36
26	10	19	20	20	1	1	0.74	24
26	5	43	20	20	0	1	0.91	8
26	100	43	20	20	0	1	0	95
26	1	31	20	20	1	1	1	1
26	50	37	20	20	0	1	0.01	95
26	100	25	20	20	0	1	0	95
26	5	25	20	20	1	1	0.91	8
26	10	43	20	20	0	1	0.74	24
26	20	19	20	20	1	1	0.62	36
26	50	25	20	20	0	1	0.01	95
26	1	37	20	20	0	1	1	1
26	50	31	10	30	0	0	0.01	95
26	10	43	10	30	0	0	0.74	24
26	5	19	10	30	1	0	0.91	8
26	100	37	10	30	0	0	0	95
26	20	37	10	30	0	0	0.62	36
26	1	43	10	30	0	0	1	1
26	100	43	10	30	0	0	0	95
26	5	31	10	30	0	0	0.91	8
26	20	19	10	30	1	0	0.62	36
26	10	25	10	30	0	0	0.74	24
26	50	37	10	30	0	0	0.01	95
26	1	37	10	30	0	0	1	1
26	20	43	10	30	0	0	0.62	36
26	10	31	10	30	0	0	0.74	24
26	50	43	10	30	0	0	0.01	95
26	5	43	10	30	0	0	0.91	8
26	100	25	10	30	0	0	0	95
26	1	25	10	30	1	0	1	1
26	10	19	10	30	1	0	0.74	24
26	100	31	10	30	0	0	0	95
26	50	19	10	30	0	0	0.01	95
26	20	25	10	30	1	0	0.62	36
26	5	37	10	30	0	0	0.91	8
26	1	31	10	30	0	0	1	1
26	50	25	10	30	0	0	0.01	95
26	100	19	10	30	0	0	0	95
26	1	19	10	30	1	0	1	1
26	5	25	10	30	0	0	0.91	8
26	20	31	10	30	0	0	0.62	36
26	10	37	10	30	0	0	0.74	24
27	100	43	20	20	0	1	0	98
27	50	31	20	20	0	1	0.05	94
27	5	25	20	20	1	1	0.8	19
27	10	37	20	20	0	1	0.5	49
27	20	43	20	20	0	1	0.3	69
27	1	31	20	20	0	1	1	1
27	10	19	20	20	1	1	0.5	49
27	100	31	20	20	0	1	0	98
27	50	37	20	20	0	1	0.05	94
27	5	19	20	20	1	1	0.8	19
27	20	19	20	20	1	1	0.3	69
27	1	19	20	20	1	1	1	1
27	100	19	20	20	1	1	0	98
27	5	43	20	20	0	1	0.8	19
27	10	43	20	20	0	1	0.5	49
27	1	25	20	20	1	1	1	1
27	20	25	20	20	0	1	0.3	69
27	50	19	20	20	1	1	0.05	94
27	10	25	20	20	1	1	0.5	49
27	100	25	20	20	0	1	0	98
27	20	37	20	20	0	1	0.3	69
27	50	25	20	20	0	1	0.05	94
27	1	37	20	20	0	1	1	1
27	5	37	20	20	0	1	0.8	19
27	20	31	20	20	0	1	0.3	69
27	1	43	20	20	0	1	1	1
27	10	31	20	20	0	1	0.5	49
27	5	31	20	20	0	1	0.8	19
27	50	43	20	20	0	1	0.05	94
27	100	37	20	20	0	1	0	98
27	50	19	20	20	1	1	0.05	94
27	10	43	20	20	0	1	0.5	49
27	5	43	20	20	0	1	0.8	19
27	20	43	20	20	0	1	0.3	69
27	1	25	20	20	1	1	1	1
27	100	43	20	20	0	1	0	98
27	100	31	20	20	0	1	0	98
27	10	37	20	20	0	1	0.5	49
27	5	37	20	20	0	1	0.8	19
27	1	31	20	20	0	1	1	1
27	50	37	20	20	0	1	0.05	94
27	20	19	20	20	1	1	0.3	69
27	5	31	20	20	0	1	0.8	19
27	100	19	20	20	1	1	0	98
27	10	31	20	20	0	1	0.5	49
27	20	31	20	20	0	1	0.3	69
27	50	43	20	20	0	1	0.05	94
27	1	19	20	20	1	1	1	1
27	5	19	20	20	1	1	0.8	19
27	1	37	20	20	0	1	1	1
27	20	37	20	20	0	1	0.3	69
27	10	19	20	20	1	1	0.5	49
27	50	25	20	20	0	1	0.05	94
27	100	25	20	20	0	1	0	98
27	50	31	20	20	0	1	0.05	94
27	1	43	20	20	0	1	1	1
27	20	25	20	20	0	1	0.3	69
27	5	25	20	20	1	1	0.8	19
27	10	25	20	20	1	1	0.5	49
27	100	37	20	20	0	1	0	98
27	10	25	10	30	0	0	0.5	49
27	1	31	10	30	0	0	1	1
27	5	31	10	30	0	0	0.8	19
27	100	19	10	30	0	0	0	98
27	20	19	10	30	0	0	0.3	69
27	50	43	10	30	0	0	0.05	94
27	50	19	10	30	0	0	0.05	94
27	5	43	10	30	0	0	0.8	19
27	1	43	10	30	0	0	1	1
27	10	31	10	30	0	0	0.5	49
27	100	37	10	30	0	0	0	98
27	20	43	10	30	0	0	0.3	69
27	20	31	10	30	0	0	0.3	69
27	1	19	10	30	1	0	1	1
27	10	37	10	30	0	0	0.5	49
27	100	43	10	30	0	0	0	98
27	50	37	10	30	0	0	0.05	94
27	5	25	10	30	0	0	0.8	19
27	1	25	10	30	0	0	1	1
27	20	37	10	30	0	0	0.3	69
27	50	31	10	30	0	0	0.05	94
27	100	31	10	30	0	0	0	98
27	5	37	10	30	0	0	0.8	19
27	10	19	10	30	0	0	0.5	49
27	10	43	10	30	1	0	0.5	49
27	5	19	10	30	0	0	0.8	19
27	50	25	10	30	0	0	0.05	94
27	1	37	10	30	0	0	1	1
27	100	25	10	30	0	0	0	98
27	20	25	10	30	0	0	0.3	69
27	20	19	10	30	0	0	0.3	69
27	1	25	10	30	1	0	1	1
27	100	31	10	30	0	0	0	98
27	10	25	10	30	0	0	0.5	49
27	5	43	10	30	0	0	0.8	19
27	50	31	10	30	0	0	0.05	94
27	100	37	10	30	0	0	0	98
27	10	31	10	30	0	0	0.5	49
27	20	25	10	30	0	0	0.3	69
27	50	25	10	30	0	0	0.05	94
27	1	43	10	30	0	0	1	1
27	5	37	10	30	0	0	0.8	19
27	5	25	10	30	0	0	0.8	19
27	100	43	10	30	0	0	0	98
27	20	37	10	30	0	0	0.3	69
27	1	37	10	30	0	0	1	1
27	50	37	10	30	0	0	0.05	94
27	10	43	10	30	0	0	0.5	49
27	5	31	10	30	0	0	0.8	19
27	50	43	10	30	0	0	0.05	94
27	20	43	10	30	0	0	0.3	69
27	10	19	10	30	0	0	0.5	49
27	100	25	10	30	0	0	0	98
27	1	31	10	30	0	0	1	1
27	1	19	10	30	1	0	1	1
27	5	19	10	30	0	0	0.8	19
27	10	37	10	30	0	0	0.5	49
27	100	19	10	30	0	0	0	98
27	20	31	10	30	0	0	0.3	69
27	50	19	10	30	0	0	0.05	94
28	20	19	20	20	1	1	0.19	80
28	10	25	20	20	1	1	0.82	17
28	5	31	20	20	1	1	0.86	13
28	100	19	20	20	1	1	0	98
28	1	19	20	20	1	1	1	1
28	50	25	20	20	0	1	0.1	89
28	20	43	20	20	0	1	0.19	80
28	1	37	20	20	1	1	1	1
28	10	19	20	20	1	1	0.82	17
28	100	25	20	20	0	1	0	98
28	5	25	20	20	1	1	0.86	13
28	50	19	20	20	1	1	0.1	89
28	1	31	20	20	1	1	1	1
28	5	37	20	20	0	1	0.86	13
28	10	43	20	20	0	1	0.82	17
28	20	37	20	20	0	1	0.19	80
28	100	37	20	20	0	1	0	98
28	50	43	20	20	0	1	0.1	89
28	100	31	20	20	0	1	0	98
28	10	31	20	20	1	1	0.82	17
28	5	43	20	20	1	1	0.86	13
28	50	37	20	20	0	1	0.1	89
28	1	43	20	20	0	1	1	1
28	20	25	20	20	0	1	0.19	80
28	20	31	20	20	0	1	0.19	80
28	100	43	20	20	0	1	0	98
28	10	37	20	20	0	1	0.82	17
28	50	31	20	20	0	1	0.1	89
28	5	19	20	20	1	1	0.86	13
28	1	25	20	20	1	1	1	1
28	20	43	20	20	0	1	0.19	80
28	100	43	20	20	0	1	0	98
28	1	19	20	20	1	1	1	1
28	50	43	20	20	0	1	0.1	89
28	10	37	20	20	1	1	0.82	17
28	5	43	20	20	0	1	0.86	13
28	100	31	20	20	0	1	0	98
28	1	31	20	20	1	1	1	1
28	5	37	20	20	1	1	0.86	13
28	50	25	20	20	0	1	0.1	89
28	10	25	20	20	1	1	0.82	17
28	20	25	20	20	0	1	0.19	80
28	20	37	20	20	0	1	0.19	80
28	10	43	20	20	0	1	0.82	17
28	100	19	20	20	1	1	0	98
28	5	25	20	20	1	1	0.86	13
28	1	43	20	20	0	1	1	1
28	50	31	20	20	0	1	0.1	89
28	50	19	20	20	1	1	0.1	89
28	20	19	20	20	1	1	0.19	80
28	5	19	20	20	1	1	0.86	13
28	10	31	20	20	1	1	0.82	17
28	100	25	20	20	0	1	0	98
28	1	25	20	20	1	1	1	1
28	1	37	20	20	1	1	1	1
28	100	37	20	20	0	1	0	98
28	10	19	20	20	1	1	0.82	17
28	5	31	20	20	1	1	0.86	13
28	50	37	20	20	0	1	0.1	89
28	20	31	20	20	0	1	0.19	80
28	20	25	10	30	0	0	0.19	80
28	50	19	10	30	0	0	0.1	89
28	1	43	10	30	0	0	1	1
28	5	37	10	30	0	0	0.86	13
28	10	31	10	30	0	0	0.82	17
28	100	43	10	30	0	0	0	98
28	5	43	10	30	0	0	0.86	13
28	50	31	10	30	0	0	0.1	89
28	100	25	10	30	0	0	0	98
28	20	31	10	30	0	0	0.19	80
28	1	25	10	30	1	0	1	1
28	10	19	10	30	1	0	0.82	17
28	20	37	10	30	0	0	0.19	80
28	1	37	10	30	1	0	1	1
28	10	43	10	30	0	0	0.82	17
28	100	37	10	30	0	0	0	98
28	50	43	10	30	0	0	0.1	89
28	5	31	10	30	0	0	0.86	13
28	20	43	10	30	0	0	0.19	80
28	1	31	10	30	1	0	1	1
28	5	19	10	30	1	0	0.86	13
28	10	25	10	30	0	0	0.82	17
28	50	37	10	30	0	0	0.1	89
28	100	19	10	30	0	0	0	98
28	50	25	10	30	0	0	0.1	89
28	5	25	10	30	0	0	0.86	13
28	1	19	10	30	1	0	1	1
28	20	19	10	30	0	0	0.19	80
28	100	31	10	30	0	0	0	98
28	10	37	10	30	0	0	0.82	17
28	100	19	10	30	0	0	0	98
28	50	25	10	30	0	0	0.1	89
28	1	25	10	30	1	0	1	1
28	5	37	10	30	0	0	0.86	13
28	20	43	10	30	0	0	0.19	80
28	10	37	10	30	0	0	0.82	17
28	100	31	10	30	0	0	0	98
28	20	19	10	30	0	0	0.19	80
28	1	37	10	30	1	0	1	1
28	50	19	10	30	0	0	0.1	89
28	5	43	10	30	0	0	0.86	13
28	10	31	10	30	0	0	0.82	17
28	5	31	10	30	0	0	0.86	13
28	100	25	10	30	0	0	0	98
28	10	19	10	30	1	0	0.82	17
28	20	37	10	30	0	0	0.19	80
28	1	43	10	30	0	0	1	1
28	50	37	10	30	0	0	0.1	89
28	1	31	10	30	1	0	1	1
28	20	25	10	30	0	0	0.19	80
28	5	19	10	30	1	0	0.86	13
28	50	31	10	30	0	0	0.1	89
28	100	43	10	30	0	0	0	98
28	10	25	10	30	1	0	0.82	17
28	10	43	10	30	0	0	0.82	17
28	50	43	10	30	0	0	0.1	89
28	5	25	10	30	0	0	0.86	13
28	1	19	10	30	1	0	1	1
28	100	37	10	30	0	0	0	98
28	20	31	10	30	0	0	0.19	80
29	10	43	20	20	0	1	0.73	24
29	1	43	20	20	0	1	1	1
29	50	37	20	20	0	1	0.33	61
29	5	25	20	20	1	1	0.98	1
29	20	25	20	20	1	1	0.54	41
29	100	31	20	20	1	1	0.01	89
29	20	43	20	20	0	1	0.54	41
29	1	37	20	20	0	1	1	1
29	100	25	20	20	1	1	0.01	89
29	50	31	20	20	0	1	0.33	61
29	5	37	20	20	1	1	0.98	1
29	10	25	20	20	1	1	0.73	24
29	50	43	20	20	0	1	0.33	61
29	100	37	20	20	0	1	0.01	89
29	20	31	20	20	1	1	0.54	41
29	5	19	20	20	1	1	0.98	1
29	10	37	20	20	0	1	0.73	24
29	1	19	20	20	1	1	1	1
29	20	37	20	20	1	1	0.54	41
29	10	19	20	20	1	1	0.73	24
29	1	25	20	20	0	1	1	1
29	5	31	20	20	1	1	0.98	1
29	50	25	20	20	1	1	0.33	61
29	100	19	20	20	1	1	0.01	89
29	5	43	20	20	0	1	0.98	1
29	50	19	20	20	1	1	0.33	61
29	1	31	20	20	1	1	1	1
29	10	31	20	20	1	1	0.73	24
29	100	43	20	20	0	1	0.01	89
29	20	19	20	20	1	1	0.54	41
29	1	31	10	30	1	0	1	1
29	5	31	10	30	1	0	0.98	1
29	50	19	10	30	1	0	0.33	61
29	100	31	10	30	1	0	0.01	89
29	20	43	10	30	1	0	0.54	41
29	10	25	10	30	0	0	0.73	24
29	50	43	10	30	0	0	0.33	61
29	20	31	10	30	0	0	0.54	41
29	10	43	10	30	0	0	0.73	24
29	5	19	10	30	1	0	0.98	1
29	1	19	10	30	1	0	1	1
29	100	43	10	30	0	0	0.01	89
29	50	37	10	30	0	0	0.33	61
29	10	31	10	30	0	0	0.73	24
29	1	25	10	30	1	0	1	1
29	20	37	10	30	0	0	0.54	41
29	100	25	10	30	0	0	0.01	89
29	5	43	10	30	0	0	0.98	1
29	50	31	10	30	0	0	0.33	61
29	100	19	10	30	1	0	0.01	89
29	20	19	10	30	1	0	0.54	41
29	5	37	10	30	0	0	0.98	1
29	1	37	10	30	0	0	1	1
29	10	37	10	30	0	0	0.73	24
29	50	25	10	30	0	0	0.33	61
29	100	37	10	30	0	0	0.01	89
29	20	25	10	30	1	0	0.54	41
29	1	43	10	30	0	0	1	1
29	10	19	10	30	1	0	0.73	24
29	5	25	10	30	1	0	0.98	1
29	5	19	20	20	1	1	0.98	1
29	20	37	20	20	0	1	0.54	41
29	50	19	20	20	1	1	0.33	61
29	1	37	20	20	1	1	1	1
29	100	19	20	20	1	1	0.01	89
29	10	43	20	20	0	1	0.73	24
29	1	43	20	20	0	1	1	1
29	100	43	20	20	0	1	0.01	89
29	10	37	20	20	1	1	0.73	24
29	50	37	20	20	1	1	0.33	61
29	20	31	20	20	1	1	0.54	41
29	5	25	20	20	1	1	0.98	1
29	100	31	20	20	1	1	0.01	89
29	10	25	20	20	1	1	0.73	24
29	5	37	20	20	1	1	0.98	1
29	50	43	20	20	0	1	0.33	61
29	1	19	20	20	1	1	1	1
29	20	19	20	20	1	1	0.54	41
29	1	31	20	20	1	1	1	1
29	100	37	20	20	0	1	0.01	89
29	50	31	20	20	0	1	0.33	61
29	5	43	20	20	0	1	0.98	1
29	20	25	20	20	1	1	0.54	41
29	10	31	20	20	1	1	0.73	24
29	5	31	20	20	1	1	0.98	1
29	50	25	20	20	1	1	0.33	61
29	1	25	20	20	1	1	1	1
29	10	19	20	20	1	1	0.73	24
29	100	25	20	20	1	1	0.01	89
29	20	43	20	20	0	1	0.54	41
29	1	37	10	30	0	0	1	1
29	100	25	10	30	0	0	0.01	89
29	50	31	10	30	0	0	0.33	61
29	10	43	10	30	0	0	0.73	24
29	5	37	10	30	0	0	0.98	1
29	20	19	10	30	1	0	0.54	41
29	5	19	10	30	1	0	0.98	1
29	1	43	10	30	0	0	1	1
29	100	43	10	30	0	0	0.01	89
29	20	31	10	30	0	0	0.54	41
29	10	25	10	30	1	0	0.73	24
29	50	19	10	30	1	0	0.33	61
29	100	37	10	30	0	0	0.01	89
29	1	19	10	30	1	0	1	1
29	50	25	10	30	0	0	0.33	61
29	5	31	10	30	0	0	0.98	1
29	10	19	10	30	1	0	0.73	24
29	20	37	10	30	0	0	0.54	41
29	50	37	10	30	0	0	0.33	61
29	20	25	10	30	1	0	0.54	41
29	100	31	10	30	0	0	0.01	89
29	5	43	10	30	0	0	0.98	1
29	10	37	10	30	0	0	0.73	24
29	1	31	10	30	1	0	1	1
29	10	31	10	30	1	0	0.73	24
29	100	19	10	30	1	0	0.01	89
29	5	25	10	30	1	0	0.98	1
29	50	43	10	30	0	0	0.33	61
29	1	25	10	30	1	0	1	1
29	20	43	10	30	0	0	0.54	41
30	50	43	10	30	0	0	0.39	60
30	5	25	10	30	1	0	0.98	1
30	10	19	10	30	1	0	0.93	6
30	100	19	10	30	1	0	0.02	96
30	20	19	10	30	1	0	0.9	9
30	1	25	10	30	1	0	1	1
30	20	43	10	30	0	0	0.9	9
30	50	31	10	30	1	0	0.39	60
30	100	43	10	30	0	0	0.02	96
30	1	31	10	30	1	0	1	1
30	10	25	10	30	1	0	0.93	6
30	5	19	10	30	1	0	0.98	1
30	10	43	10	30	1	0	0.93	6
30	20	37	10	30	0	0	0.9	9
30	100	25	10	30	1	0	0.02	96
30	5	31	10	30	1	0	0.98	1
30	50	37	10	30	0	0	0.39	60
30	1	19	10	30	1	0	1	1
30	5	37	10	30	1	0	0.98	1
30	10	31	10	30	1	0	0.93	6
30	50	25	10	30	1	0	0.39	60
30	20	31	10	30	1	0	0.9	9
30	1	43	10	30	0	0	1	1
30	100	37	10	30	0	0	0.02	96
30	1	37	10	30	1	0	1	1
30	100	31	10	30	1	0	0.02	96
30	5	43	10	30	0	0	0.98	1
30	10	37	10	30	1	0	0.93	6
30	50	19	10	30	1	0	0.39	60
30	20	25	10	30	1	0	0.9	9
30	20	31	10	30	1	0	0.9	9
30	10	37	10	30	1	0	0.93	6
30	5	31	10	30	1	0	0.98	1
30	1	19	10	30	1	0	1	1
30	50	43	10	30	0	0	0.39	60
30	100	37	10	30	0	0	0.02	96
30	5	37	10	30	1	0	0.98	1
30	50	31	10	30	1	0	0.39	60
30	10	25	10	30	1	0	0.93	6
30	1	37	10	30	1	0	1	1
30	20	25	10	30	1	0	0.9	9
30	100	19	10	30	1	0	0.02	96
30	20	37	10	30	1	0	0.9	9
30	10	19	10	30	1	0	0.93	6
30	1	43	10	30	0	0	1	1
30	50	25	10	30	1	0	0.39	60
30	5	25	10	30	1	0	0.98	1
30	100	31	10	30	1	0	0.02	96
30	20	43	10	30	0	0	0.9	9
30	5	19	10	30	1	0	0.98	1
30	1	25	10	30	1	0	1	1
30	100	25	10	30	1	0	0.02	96
30	50	37	10	30	0	0	0.39	60
30	10	31	10	30	1	0	0.93	6
30	1	31	10	30	1	0	1	1
30	20	19	10	30	1	0	0.9	9
30	10	43	10	30	0	0	0.93	6
30	100	43	10	30	0	0	0.02	96
30	5	43	10	30	0	0	0.98	1
30	50	19	10	30	1	0	0.39	60
30	100	31	20	20	0	1	0.02	96
30	50	43	20	20	0	1	0.39	60
30	5	37	20	20	1	1	0.98	1
30	10	31	20	20	1	1	0.93	6
30	20	25	20	20	1	1	0.9	9
30	1	19	20	20	1	1	1	1
30	100	25	20	20	1	1	0.02	96
30	50	37	20	20	0	1	0.39	60
30	20	31	20	20	1	1	0.9	9
30	5	19	20	20	1	1	0.98	1
30	1	43	20	20	0	1	1	1
30	10	43	20	20	0	1	0.93	6
30	5	43	20	20	0	1	0.98	1
30	100	43	20	20	0	1	0.02	96
30	10	25	20	20	1	1	0.93	6
30	20	43	20	20	0	1	0.9	9
30	1	37	20	20	1	1	1	1
30	50	25	20	20	0	1	0.39	60
30	10	37	20	20	1	1	0.93	6
30	20	37	20	20	1	1	0.9	9
30	100	19	20	20	1	1	0.02	96
30	5	31	20	20	1	1	0.98	1
30	50	31	20	20	0	1	0.39	60
30	1	31	20	20	1	1	1	1
30	1	25	20	20	1	1	1	1
30	20	19	20	20	1	1	0.9	9
30	50	19	20	20	1	1	0.39	60
30	5	25	20	20	1	1	0.98	1
30	10	19	20	20	1	1	0.93	6
30	100	37	20	20	0	1	0.02	96
30	50	37	20	20	0	1	0.39	60
30	100	37	20	20	0	1	0.02	96
30	10	25	20	20	1	1	0.93	6
30	1	19	20	20	1	1	1	1
30	5	37	20	20	1	1	0.98	1
30	20	25	20	20	1	1	0.9	9
30	100	25	20	20	1	1	0.02	96
30	10	43	20	20	0	1	0.93	6
30	1	37	20	20	1	1	1	1
30	5	43	20	20	0	1	0.98	1
30	20	43	20	20	0	1	0.9	9
30	50	31	20	20	0	1	0.39	60
30	1	43	20	20	0	1	1	1
30	5	25	20	20	1	1	0.98	1
30	50	25	20	20	1	1	0.39	60
30	20	19	20	20	1	1	0.9	9
30	10	37	20	20	1	1	0.93	6
30	100	31	20	20	0	1	0.02	96
30	1	31	20	20	1	1	1	1
30	20	31	20	20	1	1	0.9	9
30	100	43	20	20	0	1	0.02	96
30	50	43	20	20	0	1	0.39	60
30	10	31	20	20	1	1	0.93	6
30	5	31	20	20	1	1	0.98	1
30	20	37	20	20	1	1	0.9	9
30	5	19	20	20	1	1	0.98	1
30	10	19	20	20	1	1	0.93	6
30	50	19	20	20	1	1	0.39	60
30	100	19	20	20	1	1	0.02	96
30	1	25	20	20	1	1	1	1
31	1	31	10	30	0	0	1	1
31	10	37	10	30	0	0	0.87	12
31	50	43	10	30	0	0	0.01	95
31	100	37	10	30	0	0	0.02	95
31	5	37	10	30	1	0	0.93	6
31	20	19	10	30	1	0	0.75	24
31	50	19	10	30	0	0	0.01	95
31	10	31	10	30	0	0	0.87	12
31	20	25	10	30	0	0	0.75	24
31	1	25	10	30	1	0	1	1
31	100	43	10	30	0	0	0.02	95
31	5	43	10	30	0	0	0.93	6
31	1	19	10	30	1	0	1	1
31	100	19	10	30	0	0	0.02	95
31	5	25	10	30	1	0	0.93	6
31	50	25	10	30	0	0	0.01	95
31	20	37	10	30	0	0	0.75	24
31	10	43	10	30	0	0	0.87	12
31	5	19	10	30	1	0	0.93	6
31	10	25	10	30	0	0	0.87	12
31	1	37	10	30	0	0	1	1
31	20	43	10	30	0	0	0.75	24
31	100	25	10	30	0	0	0.02	95
31	50	37	10	30	0	0	0.01	95
31	10	19	10	30	1	0	0.87	12
31	1	43	10	30	0	0	1	1
31	20	31	10	30	1	0	0.75	24
31	5	31	10	30	0	0	0.93	6
31	50	31	10	30	0	0	0.01	95
31	100	31	10	30	0	0	0.02	95
31	100	43	20	20	0	1	0.02	95
31	1	37	20	20	0	1	1	1
31	50	37	20	20	0	1	0.01	95
31	10	25	20	20	0	1	0.87	12
31	5	43	20	20	0	1	0.93	6
31	20	43	20	20	0	1	0.75	24
31	1	19	20	20	0	1	1	1
31	50	43	20	20	0	1	0.01	95
31	10	19	20	20	0	1	0.87	12
31	5	37	20	20	0	1	0.93	6
31	20	37	20	20	0	1	0.75	24
31	100	31	20	20	0	1	0.02	95
31	10	37	20	20	0	1	0.87	12
31	1	25	20	20	0	1	1	1
31	100	25	20	20	0	1	0.02	95
31	20	31	20	20	0	1	0.75	24
31	5	19	20	20	0	1	0.93	6
31	50	25	20	20	0	1	0.01	95
31	10	31	20	20	0	1	0.87	12
31	50	19	20	20	0	1	0.01	95
31	1	31	20	20	0	1	1	1
31	5	25	20	20	0	1	0.93	6
31	20	25	20	20	0	1	0.75	24
31	100	37	20	20	0	1	0.02	95
31	5	31	20	20	0	1	0.93	6
31	1	43	20	20	0	1	1	1
31	10	43	20	20	0	1	0.87	12
31	50	31	20	20	0	1	0.01	95
31	20	19	20	20	0	1	0.75	24
31	100	19	20	20	0	1	0.02	95
31	1	25	10	30	0	0	1	1
31	50	19	10	30	1	0	0.01	95
31	5	19	10	30	0	0	0.93	6
31	20	43	10	30	0	0	0.75	24
31	100	25	10	30	0	0	0.02	95
31	10	43	10	30	0	0	0.87	12
31	50	43	10	30	1	0	0.01	95
31	1	37	10	30	0	0	1	1
31	5	43	10	30	0	0	0.93	6
31	20	37	10	30	1	0	0.75	24
31	100	43	10	30	0	0	0.02	95
31	10	31	10	30	1	0	0.87	12
31	5	25	10	30	0	0	0.93	6
31	20	25	10	30	0	0	0.75	24
31	100	37	10	30	0	0	0.02	95
31	1	43	10	30	0	0	1	1
31	10	19	10	30	0	0	0.87	12
31	50	25	10	30	0	0	0.01	95
31	100	31	10	30	0	0	0.02	95
31	1	19	10	30	1	0	1	1
31	10	37	10	30	0	0	0.87	12
31	5	31	10	30	0	0	0.93	6
31	20	31	10	30	0	0	0.75	24
31	50	37	10	30	0	0	0.01	95
31	10	25	10	30	0	0	0.87	12
31	20	19	10	30	0	0	0.75	24
31	50	31	10	30	0	0	0.01	95
31	100	19	10	30	0	0	0.02	95
31	5	37	10	30	1	0	0.93	6
31	1	31	10	30	0	0	1	1
31	10	25	20	20	1	1	0.87	12
31	1	25	20	20	0	1	1	1
31	100	31	20	20	0	1	0.02	95
31	5	37	20	20	0	1	0.93	6
31	20	25	20	20	0	1	0.75	24
31	50	37	20	20	0	1	0.01	95
31	5	43	20	20	0	1	0.93	6
31	10	43	20	20	0	1	0.87	12
31	100	25	20	20	0	1	0.02	95
31	20	37	20	20	0	1	0.75	24
31	50	43	20	20	0	1	0.01	95
31	1	31	20	20	1	1	1	1
31	1	43	20	20	0	1	1	1
31	20	31	20	20	0	1	0.75	24
31	10	19	20	20	0	1	0.87	12
31	50	31	20	20	0	1	0.01	95
31	100	43	20	20	0	1	0.02	95
31	5	25	20	20	0	1	0.93	6
31	50	19	20	20	0	1	0.01	95
31	20	43	20	20	0	1	0.75	24
31	10	37	20	20	0	1	0.87	12
31	1	37	20	20	0	1	1	1
31	100	37	20	20	0	1	0.02	95
31	5	31	20	20	0	1	0.93	6
31	20	19	20	20	0	1	0.75	24
31	10	31	20	20	1	1	0.87	12
31	50	25	20	20	0	1	0.01	95
31	5	19	20	20	0	1	0.93	6
31	1	19	20	20	0	1	1	1
31	100	19	20	20	0	1	0.02	95
32	100	37	20	20	1	1	0.03	95
32	10	31	20	20	1	1	0.82	17
32	1	37	20	20	0	1	1	1
32	5	37	20	20	1	1	0.93	6
32	50	19	20	20	0	1	0.1	89
32	20	31	20	20	1	1	0.65	34
32	50	37	20	20	1	1	0.1	89
32	20	25	20	20	1	1	0.65	34
32	1	25	20	20	0	1	1	1
32	100	19	20	20	1	1	0.03	95
32	5	25	20	20	0	1	0.93	6
32	10	37	20	20	1	1	0.82	17
32	10	43	20	20	1	1	0.82	17
32	5	19	20	20	1	1	0.93	6
32	20	19	20	20	0	1	0.65	34
32	1	43	20	20	1	1	1	1
32	100	25	20	20	1	1	0.03	95
32	50	43	20	20	0	1	0.1	89
32	5	43	20	20	0	1	0.93	6
32	20	43	20	20	0	1	0.65	34
32	100	31	20	20	1	1	0.03	95
32	50	31	20	20	0	1	0.1	89
32	10	19	20	20	0	1	0.82	17
32	1	19	20	20	1	1	1	1
32	5	31	20	20	0	1	0.93	6
32	10	25	20	20	1	1	0.82	17
32	20	37	20	20	0	1	0.65	34
32	100	43	20	20	0	1	0.03	95
32	1	31	20	20	0	1	1	1
32	50	25	20	20	0	1	0.1	89
32	5	43	10	30	0	0	0.93	6
32	100	43	10	30	0	0	0.03	95
32	20	31	10	30	0	0	0.65	34
32	10	43	10	30	0	0	0.82	17
32	50	19	10	30	1	0	0.1	89
32	1	25	10	30	1	0	1	1
32	1	37	10	30	0	0	1	1
32	5	37	10	30	1	0	0.93	6
32	10	37	10	30	0	0	0.82	17
32	100	31	10	30	0	0	0.03	95
32	50	43	10	30	1	0	0.1	89
32	20	25	10	30	1	0	0.65	34
32	1	43	10	30	0	0	1	1
32	5	25	10	30	1	0	0.93	6
32	10	31	10	30	0	0	0.82	17
32	100	25	10	30	0	0	0.03	95
32	20	37	10	30	0	0	0.65	34
32	50	31	10	30	0	0	0.1	89
32	10	19	10	30	0	0	0.82	17
32	50	25	10	30	0	0	0.1	89
32	100	19	10	30	1	0	0.03	95
32	1	31	10	30	1	0	1	1
32	5	19	10	30	0	0	0.93	6
32	20	43	10	30	0	0	0.65	34
32	100	37	10	30	1	0	0.03	95
32	20	19	10	30	1	0	0.65	34
32	10	25	10	30	0	0	0.82	17
32	50	37	10	30	0	0	0.1	89
32	1	19	10	30	0	0	1	1
32	5	31	10	30	1	0	0.93	6
32	1	25	20	20	0	1	1	1
32	10	31	20	20	1	1	0.82	17
32	100	43	20	20	1	1	0.03	95
32	20	37	20	20	1	1	0.65	34
32	50	31	20	20	1	1	0.1	89
32	5	25	20	20	1	1	0.93	6
32	100	25	20	20	1	1	0.03	95
32	1	19	20	20	1	1	1	1
32	20	19	20	20	0	1	0.65	34
32	10	37	20	20	1	1	0.82	17
32	5	19	20	20	0	1	0.93	6
32	50	19	20	20	1	1	0.1	89
32	50	37	20	20	1	1	0.1	89
32	100	31	20	20	0	1	0.03	95
32	10	25	20	20	0	1	0.82	17
32	1	31	20	20	1	1	1	1
32	5	37	20	20	0	1	0.93	6
32	20	25	20	20	1	1	0.65	34
32	5	43	20	20	0	1	0.93	6
32	20	43	20	20	0	1	0.65	34
32	1	43	20	20	0	1	1	1
32	10	43	20	20	0	1	0.82	17
32	100	37	20	20	1	1	0.03	95
32	50	25	20	20	0	1	0.1	89
32	50	43	20	20	1	1	0.1	89
32	20	31	20	20	1	1	0.65	34
32	100	19	20	20	0	1	0.03	95
32	1	37	20	20	1	1	1	1
32	10	19	20	20	0	1	0.82	17
32	5	31	20	20	1	1	0.93	6
32	50	31	10	30	1	0	0.1	89
32	10	31	10	30	1	0	0.82	17
32	20	37	10	30	0	0	0.65	34
32	1	43	10	30	1	0	1	1
32	100	19	10	30	1	0	0.03	95
32	5	25	10	30	1	0	0.93	6
32	10	43	10	30	1	0	0.82	17
32	1	31	10	30	1	0	1	1
32	20	25	10	30	0	0	0.65	34
32	100	37	10	30	0	0	0.03	95
32	5	31	10	30	0	0	0.93	6
32	50	19	10	30	0	0	0.1	89
32	20	43	10	30	1	0	0.65	34
32	10	25	10	30	1	0	0.82	17
32	100	25	10	30	1	0	0.03	95
32	1	37	10	30	1	0	1	1
32	50	25	10	30	1	0	0.1	89
32	5	43	10	30	1	0	0.93	6
32	50	37	10	30	1	0	0.1	89
32	100	31	10	30	0	0	0.03	95
32	10	19	10	30	0	0	0.82	17
32	5	37	10	30	1	0	0.93	6
32	1	25	10	30	0	0	1	1
32	20	31	10	30	1	0	0.65	34
32	5	19	10	30	0	0	0.93	6
32	100	43	10	30	0	0	0.03	95
32	1	19	10	30	0	0	1	1
32	10	37	10	30	1	0	0.82	17
32	50	43	10	30	1	0	0.1	89
32	20	19	10	30	1	0	0.65	34
33	20	19	10	30	1	0	0.92	7
33	1	37	10	30	1	0	1	1
33	50	31	10	30	0	0	0.5	48
33	10	43	10	30	0	0	0.96	3
33	5	25	10	30	1	0	0.97	2
33	100	43	10	30	0	0	0	96
33	20	43	10	30	0	0	0.92	7
33	1	25	10	30	1	0	1	1
33	10	31	10	30	1	0	0.96	3
33	100	37	10	30	0	0	0	96
33	5	37	10	30	1	0	0.97	2
33	50	37	10	30	0	0	0.5	48
33	100	25	10	30	0	0	0	96
33	20	25	10	30	1	0	0.92	7
33	1	43	10	30	1	0	1	1
33	5	43	10	30	0	0	0.97	2
33	50	25	10	30	0	0	0.5	48
33	10	19	10	30	1	0	0.96	3
33	50	19	10	30	0	0	0.5	48
33	20	31	10	30	1	0	0.92	7
33	5	31	10	30	1	0	0.97	2
33	100	19	10	30	0	0	0	96
33	1	19	10	30	1	0	1	1
33	10	25	10	30	1	0	0.96	3
33	50	43	10	30	0	0	0.5	48
33	10	37	10	30	0	0	0.96	3
33	1	31	10	30	1	0	1	1
33	5	19	10	30	1	0	0.97	2
33	100	31	10	30	0	0	0	96
33	20	37	10	30	0	0	0.92	7
33	1	43	10	30	0	0	1	1
33	20	25	10	30	1	0	0.92	7
33	100	25	10	30	0	0	0	96
33	50	37	10	30	0	0	0.5	48
33	5	37	10	30	0	0	0.97	2
33	10	25	10	30	1	0	0.96	3
33	50	31	10	30	0	0	0.5	48
33	1	31	10	30	1	0	1	1
33	5	31	10	30	1	0	0.97	2
33	20	31	10	30	0	0	0.92	7
33	10	43	10	30	0	0	0.96	3
33	100	43	10	30	0	0	0	96
33	100	19	10	30	0	0	0	96
33	10	31	10	30	1	0	0.96	3
33	50	19	10	30	0	0	0.5	48
33	1	19	10	30	1	0	1	1
33	20	37	10	30	0	0	0.92	7
33	5	43	10	30	0	0	0.97	2
33	5	19	10	30	1	0	0.97	2
33	100	31	10	30	0	0	0	96
33	10	19	10	30	1	0	0.96	3
33	50	25	10	30	0	0	0.5	48
33	1	37	10	30	1	0	1	1
33	20	19	10	30	1	0	0.92	7
33	5	25	10	30	1	0	0.97	2
33	20	43	10	30	0	0	0.92	7
33	100	37	10	30	0	0	0	96
33	10	37	10	30	0	0	0.96	3
33	1	25	10	30	1	0	1	1
33	50	43	10	30	0	0	0.5	48
33	10	25	20	20	1	1	0.96	3
33	5	37	20	20	0	1	0.97	2
33	20	25	20	20	1	1	0.92	7
33	100	19	20	20	1	1	0	96
33	1	37	20	20	0	1	1	1
33	50	37	20	20	0	1	0.5	48
33	1	43	20	20	0	1	1	1
33	5	19	20	20	1	1	0.97	2
33	50	43	20	20	0	1	0.5	48
33	100	43	20	20	0	1	0	96
33	10	43	20	20	0	1	0.96	3
33	20	43	20	20	0	1	0.92	7
33	20	31	20	20	0	1	0.92	7
33	50	31	20	20	0	1	0.5	48
33	100	25	20	20	0	1	0	96
33	5	31	20	20	0	1	0.97	2
33	1	31	20	20	1	1	1	1
33	10	31	20	20	1	1	0.96	3
33	5	25	20	20	1	1	0.97	2
33	100	31	20	20	0	1	0	96
33	10	37	20	20	0	1	0.96	3
33	20	37	20	20	0	1	0.92	7
33	1	25	20	20	1	1	1	1
33	50	19	20	20	1	1	0.5	48
33	10	19	20	20	1	1	0.96	3
33	50	25	20	20	0	1	0.5	48
33	1	19	20	20	1	1	1	1
33	100	37	20	20	0	1	0	96
33	5	43	20	20	0	1	0.97	2
33	20	19	20	20	1	1	0.92	7
33	100	31	20	20	0	1	0	96
33	20	19	20	20	1	1	0.92	7
33	1	25	20	20	1	1	1	1
33	50	37	20	20	0	1	0.5	48
33	10	43	20	20	0	1	0.96	3
33	5	37	20	20	0	1	0.97	2
33	50	25	20	20	0	1	0.5	48
33	10	37	20	20	0	1	0.96	3
33	20	43	20	20	0	1	0.92	7
33	100	37	20	20	0	1	0	96
33	5	43	20	20	0	1	0.97	2
33	1	31	20	20	1	1	1	1
33	1	37	20	20	1	1	1	1
33	20	31	20	20	1	1	0.92	7
33	50	31	20	20	1	1	0.5	48
33	100	19	20	20	1	1	0	96
33	10	19	20	20	1	1	0.96	3
33	5	25	20	20	1	1	0.97	2
33	50	19	20	20	1	1	0.5	48
33	1	19	20	20	1	1	1	1
33	10	25	20	20	1	1	0.96	3
33	20	37	20	20	0	1	0.92	7
33	5	31	20	20	1	1	0.97	2
33	100	25	20	20	0	1	0	96
33	100	43	20	20	0	1	0	96
33	1	43	20	20	0	1	1	1
33	10	31	20	20	1	1	0.96	3
33	5	19	20	20	1	1	0.97	2
33	20	25	20	20	1	1	0.92	7
33	50	43	20	20	0	1	0.5	48
34	50	37	20	20	0	1	0.11	82
34	100	37	20	20	0	1	0.05	86
34	1	19	20	20	1	1	0.98	1
34	10	37	20	20	1	1	0.99	-0
34	20	37	20	20	1	1	1	1
34	5	43	20	20	1	1	0.98	1
34	5	37	20	20	1	1	0.98	1
34	1	31	20	20	1	1	0.98	1
34	20	31	20	20	1	1	1	1
34	100	25	20	20	0	1	0.05	86
34	10	31	20	20	1	1	0.99	-0
34	50	43	20	20	0	1	0.11	82
34	10	43	20	20	1	1	0.99	-0
34	5	25	20	20	1	1	0.98	1
34	50	25	20	20	0	1	0.11	82
34	20	25	20	20	1	1	1	1
34	100	19	20	20	0	1	0.05	86
34	1	43	20	20	1	1	0.98	1
34	5	31	20	20	1	1	0.98	1
34	10	25	20	20	1	1	0.99	-0
34	20	19	20	20	1	1	1	1
34	1	37	20	20	1	1	0.98	1
34	50	31	20	20	0	1	0.11	82
34	100	43	20	20	0	1	0.05	86
34	10	19	20	20	0	1	0.99	-0
34	5	19	20	20	1	1	0.98	1
34	50	19	20	20	0	1	0.11	82
34	1	25	20	20	1	1	0.98	1
34	20	43	20	20	1	1	1	1
34	100	31	20	20	0	1	0.05	86
34	20	37	10	30	1	0	1	1
34	10	37	10	30	1	0	0.99	-0
34	50	31	10	30	0	0	0.11	82
34	1	37	10	30	1	0	0.98	1
34	100	43	10	30	0	0	0.05	86
34	5	31	10	30	1	0	0.98	1
34	20	43	10	30	1	0	1	1
34	50	19	10	30	0	0	0.11	82
34	1	19	10	30	1	0	0.98	1
34	5	19	10	30	1	0	0.98	1
34	100	31	10	30	0	0	0.05	86
34	10	19	10	30	1	0	0.99	-0
34	20	19	10	30	1	0	1	1
34	100	19	10	30	0	0	0.05	86
34	50	37	10	30	0	0	0.11	82
34	1	31	10	30	1	0	0.98	1
34	5	25	10	30	1	0	0.98	1
34	10	31	10	30	1	0	0.99	-0
34	10	43	10	30	1	0	0.99	-0
34	1	25	10	30	1	0	0.98	1
34	5	43	10	30	1	0	0.98	1
34	20	31	10	30	1	0	1	1
34	50	43	10	30	0	0	0.11	82
34	100	37	10	30	0	0	0.05	86
34	10	25	10	30	0	0	0.99	-0
34	100	25	10	30	0	0	0.05	86
34	20	25	10	30	1	0	1	1
34	50	25	10	30	0	0	0.11	82
34	1	43	10	30	1	0	0.98	1
34	5	37	10	30	1	0	0.98	1
34	50	37	20	20	0	1	0.11	82
34	1	25	20	20	1	1	0.98	1
34	100	19	20	20	0	1	0.05	86
34	10	25	20	20	1	1	0.99	-0
34	5	25	20	20	1	1	0.98	1
34	20	19	20	20	1	1	1	1
34	1	43	20	20	1	1	0.98	1
34	100	25	20	20	0	1	0.05	86
34	20	37	20	20	1	1	1	1
34	10	43	20	20	1	1	0.99	-0
34	50	43	20	20	0	1	0.11	82
34	5	19	20	20	1	1	0.98	1
34	20	25	20	20	1	1	1	1
34	5	31	20	20	1	1	0.98	1
34	100	43	20	20	0	1	0.05	86
34	10	19	20	20	1	1	0.99	-0
34	1	31	20	20	1	1	0.98	1
34	50	25	20	20	0	1	0.11	82
34	50	19	20	20	0	1	0.11	82
34	20	31	20	20	1	1	1	1
34	5	43	20	20	1	1	0.98	1
34	100	31	20	20	0	1	0.05	86
34	1	37	20	20	1	1	0.98	1
34	10	37	20	20	1	1	0.99	-0
34	1	19	20	20	1	1	0.98	1
34	50	31	20	20	0	1	0.11	82
34	100	37	20	20	0	1	0.05	86
34	5	37	20	20	1	1	0.98	1
34	20	43	20	20	1	1	1	1
34	10	31	20	20	1	1	0.99	-0
34	10	25	10	30	1	0	0.99	-0
34	5	19	10	30	1	0	0.98	1
34	20	19	10	30	1	0	1	1
34	50	37	10	30	0	0	0.11	82
34	1	43	10	30	1	0	0.98	1
34	100	25	10	30	0	0	0.05	86
34	10	43	10	30	1	0	0.99	-0
34	50	25	10	30	0	0	0.11	82
34	1	25	10	30	1	0	0.98	1
34	100	19	10	30	0	0	0.05	86
34	20	25	10	30	1	0	1	1
34	5	25	10	30	1	0	0.98	1
34	20	43	10	30	1	0	1	1
34	5	31	10	30	1	0	0.98	1
34	1	37	10	30	1	0	0.98	1
34	100	37	10	30	0	0	0.05	86
34	10	37	10	30	1	0	0.99	-0
34	50	43	10	30	0	0	0.11	82
34	5	37	10	30	1	0	0.98	1
34	20	37	10	30	1	0	1	1
34	10	19	10	30	1	0	0.99	-0
34	1	31	10	30	1	0	0.98	1
34	100	43	10	30	0	0	0.05	86
34	50	31	10	30	0	0	0.11	82
34	100	31	10	30	0	0	0.05	86
34	20	31	10	30	1	0	1	1
34	10	31	10	30	1	0	0.99	-0
34	1	19	10	30	1	0	0.98	1
34	5	43	10	30	1	0	0.98	1
34	50	19	10	30	0	0	0.11	82
35	100	19	20	20	1	1	0.01	87
35	20	43	20	20	0	1	0.28	64
35	10	37	20	20	0	1	0.89	9
35	50	19	20	20	1	1	0.06	84
35	1	19	20	20	1	1	1	1
35	5	37	20	20	0	1	0.94	4
35	50	43	20	20	0	1	0.06	84
35	1	37	20	20	0	1	1	1
35	5	25	20	20	0	1	0.94	4
35	20	19	20	20	1	1	0.28	64
35	100	37	20	20	0	1	0.01	87
35	10	31	20	20	0	1	0.89	9
35	10	19	20	20	1	1	0.89	9
35	20	25	20	20	0	1	0.28	64
35	100	43	20	20	0	1	0.01	87
35	5	31	20	20	0	1	0.94	4
35	1	25	20	20	0	1	1	1
35	50	25	20	20	0	1	0.06	84
35	50	31	20	20	0	1	0.06	84
35	10	43	20	20	0	1	0.89	9
35	100	25	20	20	0	1	0.01	87
35	20	31	20	20	0	1	0.28	64
35	1	43	20	20	0	1	1	1
35	5	43	20	20	0	1	0.94	4
35	100	31	20	20	0	1	0.01	87
35	5	19	20	20	1	1	0.94	4
35	20	37	20	20	0	1	0.28	64
35	1	31	20	20	0	1	1	1
35	10	25	20	20	0	1	0.89	9
35	50	37	20	20	0	1	0.06	84
35	100	19	10	30	0	0	0.01	87
35	20	37	10	30	0	0	0.28	64
35	1	19	10	30	0	0	1	1
35	5	25	10	30	0	0	0.94	4
35	10	43	10	30	0	0	0.89	9
35	50	19	10	30	0	0	0.06	84
35	10	19	10	30	0	0	0.89	9
35	50	25	10	30	0	0	0.06	84
35	20	25	10	30	0	0	0.28	64
35	100	43	10	30	0	0	0.01	87
35	5	37	10	30	0	0	0.94	4
35	1	37	10	30	0	0	1	1
35	10	37	10	30	0	0	0.89	9
35	100	31	10	30	0	0	0.01	87
35	1	31	10	30	0	0	1	1
35	5	31	10	30	0	0	0.94	4
35	20	43	10	30	0	0	0.28	64
35	50	43	10	30	0	0	0.06	84
35	50	31	10	30	0	0	0.06	84
35	5	43	10	30	0	0	0.94	4
35	1	43	10	30	0	0	1	1
35	20	19	10	30	1	0	0.28	64
35	100	37	10	30	0	0	0.01	87
35	10	31	10	30	0	0	0.89	9
35	5	19	10	30	1	0	0.94	4
35	100	25	10	30	0	0	0.01	87
35	10	25	10	30	0	0	0.89	9
35	1	25	10	30	1	0	1	1
35	20	31	10	30	0	0	0.28	64
35	50	37	10	30	0	0	0.06	84
35	50	31	10	30	0	0	0.06	84
35	10	37	10	30	0	0	0.89	9
35	100	43	10	30	0	0	0.01	87
35	20	31	10	30	0	0	0.28	64
35	1	43	10	30	0	0	1	1
35	5	31	10	30	0	0	0.94	4
35	100	37	10	30	0	0	0.01	87
35	5	19	10	30	0	0	0.94	4
35	20	37	10	30	0	0	0.28	64
35	10	43	10	30	0	0	0.89	9
35	50	19	10	30	0	0	0.06	84
35	1	37	10	30	0	0	1	1
35	20	19	10	30	1	0	0.28	64
35	50	25	10	30	0	0	0.06	84
35	1	19	10	30	1	0	1	1
35	10	31	10	30	0	0	0.89	9
35	100	31	10	30	0	0	0.01	87
35	5	43	10	30	0	0	0.94	4
35	100	19	10	30	0	0	0.01	87
35	1	31	10	30	0	0	1	1
35	5	25	10	30	1	0	0.94	4
35	50	43	10	30	0	0	0.06	84
35	10	25	10	30	1	0	0.89	9
35	20	43	10	30	0	0	0.28	64
35	100	25	10	30	0	0	0.01	87
35	20	25	10	30	1	0	0.28	64
35	50	37	10	30	0	0	0.06	84
35	5	37	10	30	0	0	0.94	4
35	1	25	10	30	1	0	1	1
35	10	19	10	30	1	0	0.89	9
35	1	31	20	20	0	1	1	1
35	20	37	20	20	0	1	0.28	64
35	10	25	20	20	1	1	0.89	9
35	100	31	20	20	0	1	0.01	87
35	5	37	20	20	0	1	0.94	4
35	50	19	20	20	1	1	0.06	84
35	5	31	20	20	0	1	0.94	4
35	10	19	20	20	1	1	0.89	9
35	20	19	20	20	1	1	0.28	64
35	100	37	20	20	0	1	0.01	87
35	1	37	20	20	0	1	1	1
35	50	31	20	20	0	1	0.06	84
35	50	43	20	20	0	1	0.06	84
35	10	43	20	20	0	1	0.89	9
35	20	43	20	20	0	1	0.28	64
35	1	19	20	20	1	1	1	1
35	100	25	20	20	0	1	0.01	87
35	5	25	20	20	1	1	0.94	4
35	5	43	20	20	0	1	0.94	4
35	10	37	20	20	0	1	0.89	9
35	100	19	20	20	1	1	0.01	87
35	50	37	20	20	0	1	0.06	84
35	20	25	20	20	1	1	0.28	64
35	1	25	20	20	1	1	1	1
35	5	19	20	20	1	1	0.94	4
35	1	43	20	20	0	1	1	1
35	20	31	20	20	0	1	0.28	64
35	100	43	20	20	0	1	0.01	87
35	50	25	20	20	0	1	0.06	84
35	10	31	20	20	0	1	0.89	9
36	100	25	10	30	0	0	0.15	83
36	10	37	10	30	1	0	0.81	18
36	20	25	10	30	0	0	0.72	27
36	5	25	10	30	1	0	0.91	8
36	50	31	10	30	0	0	0.31	68
36	1	37	10	30	1	0	1	1
36	20	31	10	30	0	0	0.72	27
36	50	37	10	30	0	0	0.31	68
36	1	25	10	30	1	0	1	1
36	100	43	10	30	0	0	0.15	83
36	10	19	10	30	1	0	0.81	18
36	5	19	10	30	1	0	0.91	8
36	10	43	10	30	0	0	0.81	18
36	1	19	10	30	1	0	1	1
36	20	37	10	30	0	0	0.72	27
36	100	19	10	30	0	0	0.15	83
36	5	37	10	30	0	0	0.91	8
36	50	43	10	30	0	0	0.31	68
36	1	43	10	30	1	0	1	1
36	5	43	10	30	1	0	0.91	8
36	10	31	10	30	1	0	0.81	18
36	50	19	10	30	0	0	0.31	68
36	100	37	10	30	0	0	0.15	83
36	20	19	10	30	0	0	0.72	27
36	1	31	10	30	1	0	1	1
36	50	25	10	30	0	0	0.31	68
36	100	31	10	30	0	0	0.15	83
36	5	31	10	30	0	0	0.91	8
36	10	25	10	30	0	0	0.81	18
36	20	43	10	30	0	0	0.72	27
36	50	43	20	20	0	1	0.31	68
36	1	25	20	20	1	1	1	1
36	20	19	20	20	0	1	0.72	27
36	5	31	20	20	1	1	0.91	8
36	10	31	20	20	1	1	0.81	18
36	100	25	20	20	0	1	0.15	83
36	100	37	20	20	0	1	0.15	83
36	1	19	20	20	1	1	1	1
36	20	37	20	20	0	1	0.72	27
36	50	19	20	20	0	1	0.31	68
36	10	19	20	20	0	1	0.81	18
36	5	25	20	20	0	1	0.91	8
36	5	37	20	20	1	1	0.91	8
36	50	37	20	20	0	1	0.31	68
36	10	37	20	20	1	1	0.81	18
36	20	43	20	20	0	1	0.72	27
36	100	31	20	20	0	1	0.15	83
36	1	37	20	20	1	1	1	1
36	10	43	20	20	1	1	0.81	18
36	50	31	20	20	0	1	0.31	68
36	5	19	20	20	0	1	0.91	8
36	100	43	20	20	0	1	0.15	83
36	20	25	20	20	0	1	0.72	27
36	1	43	20	20	1	1	1	1
36	1	31	20	20	1	1	1	1
36	10	25	20	20	0	1	0.81	18
36	5	43	20	20	1	1	0.91	8
36	100	19	20	20	0	1	0.15	83
36	20	31	20	20	0	1	0.72	27
36	50	25	20	20	0	1	0.31	68
36	1	25	20	20	1	1	1	1
36	20	37	20	20	0	1	0.72	27
36	100	43	20	20	0	1	0.15	83
36	10	19	20	20	1	1	0.81	18
36	5	43	20	20	1	1	0.91	8
36	50	31	20	20	0	1	0.31	68
36	1	37	20	20	1	1	1	1
36	20	31	20	20	0	1	0.72	27
36	100	37	20	20	0	1	0.15	83
36	50	25	20	20	0	1	0.31	68
36	5	19	20	20	0	1	0.91	8
36	10	25	20	20	0	1	0.81	18
36	10	31	20	20	1	1	0.81	18
36	20	25	20	20	0	1	0.72	27
36	5	31	20	20	0	1	0.91	8
36	100	31	20	20	0	1	0.15	83
36	50	37	20	20	0	1	0.31	68
36	1	31	20	20	1	1	1	1
36	1	43	20	20	1	1	1	1
36	20	43	20	20	0	1	0.72	27
36	10	43	20	20	1	1	0.81	18
36	100	25	20	20	0	1	0.15	83
36	5	37	20	20	1	1	0.91	8
36	50	43	20	20	0	1	0.31	68
36	20	19	20	20	1	1	0.72	27
36	50	19	20	20	0	1	0.31	68
36	5	25	20	20	0	1	0.91	8
36	1	19	20	20	1	1	1	1
36	10	37	20	20	1	1	0.81	18
36	100	19	20	20	0	1	0.15	83
36	20	19	10	30	0	0	0.72	27
36	1	37	10	30	1	0	1	1
36	10	43	10	30	1	0	0.81	18
36	5	25	10	30	1	0	0.91	8
36	50	31	10	30	0	0	0.31	68
36	100	25	10	30	0	0	0.15	83
36	20	43	10	30	0	0	0.72	27
36	1	43	10	30	0	0	1	1
36	5	31	10	30	0	0	0.91	8
36	10	25	10	30	0	0	0.81	18
36	50	25	10	30	0	0	0.31	68
36	100	31	10	30	0	0	0.15	83
36	10	19	10	30	0	0	0.81	18
36	100	37	10	30	0	0	0.15	83
36	5	37	10	30	1	0	0.91	8
36	50	19	10	30	0	0	0.31	68
36	20	37	10	30	0	0	0.72	27
36	1	19	10	30	0	0	1	1
36	50	43	10	30	0	0	0.31	68
36	5	19	10	30	0	0	0.91	8
36	10	31	10	30	0	0	0.81	18
36	1	25	10	30	1	0	1	1
36	20	25	10	30	0	0	0.72	27
36	100	19	10	30	0	0	0.15	83
36	20	31	10	30	0	0	0.72	27
36	10	37	10	30	1	0	0.81	18
36	100	43	10	30	0	0	0.15	83
36	1	31	10	30	1	0	1	1
36	5	43	10	30	0	0	0.91	8
36	50	37	10	30	0	0	0.31	68
37	20	25	20	20	0	1	0.35	64
37	1	25	20	20	1	1	1	1
37	100	37	20	20	1	1	0	98
37	10	25	20	20	1	1	0.5	49
37	5	43	20	20	0	1	0.85	14
37	50	25	20	20	0	1	0.05	94
37	1	37	20	20	0	1	1	1
37	20	19	20	20	1	1	0.35	64
37	50	43	20	20	1	1	0.05	94
37	100	43	20	20	0	1	0	98
37	10	19	20	20	0	1	0.5	49
37	5	25	20	20	1	1	0.85	14
37	10	43	20	20	0	1	0.5	49
37	20	37	20	20	1	1	0.35	64
37	50	19	20	20	1	1	0.05	94
37	100	31	20	20	0	1	0	98
37	5	31	20	20	0	1	0.85	14
37	1	31	20	20	1	1	1	1
37	20	31	20	20	0	1	0.35	64
37	1	43	20	20	1	1	1	1
37	10	31	20	20	0	1	0.5	49
37	100	25	20	20	0	1	0	98
37	5	19	20	20	0	1	0.85	14
37	50	31	20	20	0	1	0.05	94
37	20	43	20	20	0	1	0.35	64
37	50	37	20	20	0	1	0.05	94
37	5	37	20	20	0	1	0.85	14
37	100	19	20	20	0	1	0	98
37	1	19	20	20	0	1	1	1
37	10	37	20	20	1	1	0.5	49
37	1	31	10	30	0	0	1	1
37	5	25	10	30	1	0	0.85	14
37	50	37	10	30	1	0	0.05	94
37	10	37	10	30	1	0	0.5	49
37	20	43	10	30	0	0	0.35	64
37	100	37	10	30	0	0	0	98
37	5	31	10	30	0	0	0.85	14
37	1	37	10	30	1	0	1	1
37	50	25	10	30	1	0	0.05	94
37	10	25	10	30	1	0	0.5	49
37	20	31	10	30	0	0	0.35	64
37	100	43	10	30	0	0	0	98
37	50	31	10	30	1	0	0.05	94
37	100	25	10	30	0	0	0	98
37	5	43	10	30	0	0	0.85	14
37	20	25	10	30	1	0	0.35	64
37	1	43	10	30	0	0	1	1
37	10	43	10	30	1	0	0.5	49
37	20	37	10	30	0	0	0.35	64
37	100	19	10	30	0	0	0	98
37	1	19	10	30	0	0	1	1
37	10	19	10	30	1	0	0.5	49
37	50	19	10	30	1	0	0.05	94
37	5	19	10	30	1	0	0.85	14
37	20	19	10	30	0	0	0.35	64
37	100	31	10	30	0	0	0	98
37	5	37	10	30	0	0	0.85	14
37	10	31	10	30	1	0	0.5	49
37	50	43	10	30	1	0	0.05	94
37	1	25	10	30	1	0	1	1
37	20	43	20	20	0	1	0.35	64
37	50	43	20	20	0	1	0.05	94
37	1	25	20	20	0	1	1	1
37	10	37	20	20	1	1	0.5	49
37	100	25	20	20	1	1	0	98
37	5	25	20	20	1	1	0.85	14
37	100	19	20	20	1	1	0	98
37	50	19	20	20	0	1	0.05	94
37	10	43	20	20	0	1	0.5	49
37	5	43	20	20	1	1	0.85	14
37	20	31	20	20	0	1	0.35	64
37	1	37	20	20	1	1	1	1
37	10	31	20	20	0	1	0.5	49
37	1	31	20	20	1	1	1	1
37	100	31	20	20	1	1	0	98
37	20	37	20	20	1	1	0.35	64
37	50	31	20	20	1	1	0.05	94
37	5	31	20	20	1	1	0.85	14
37	10	19	20	20	0	1	0.5	49
37	5	37	20	20	1	1	0.85	14
37	20	19	20	20	0	1	0.35	64
37	1	43	20	20	1	1	1	1
37	100	43	20	20	1	1	0	98
37	50	25	20	20	0	1	0.05	94
37	20	25	20	20	0	1	0.35	64
37	100	37	20	20	0	1	0	98
37	50	37	20	20	1	1	0.05	94
37	10	25	20	20	1	1	0.5	49
37	1	19	20	20	0	1	1	1
37	5	19	20	20	1	1	0.85	14
37	5	37	10	30	1	0	0.85	14
37	50	43	10	30	0	0	0.05	94
37	10	19	10	30	1	0	0.5	49
37	20	19	10	30	0	0	0.35	64
37	1	37	10	30	1	0	1	1
37	100	31	10	30	0	0	0	98
37	5	19	10	30	1	0	0.85	14
37	100	37	10	30	0	0	0	98
37	1	31	10	30	1	0	1	1
37	50	37	10	30	0	0	0.05	94
37	10	43	10	30	1	0	0.5	49
37	20	43	10	30	0	0	0.35	64
37	20	37	10	30	1	0	0.35	64
37	100	25	10	30	0	0	0	98
37	50	25	10	30	1	0	0.05	94
37	1	25	10	30	0	0	1	1
37	5	31	10	30	1	0	0.85	14
37	10	31	10	30	0	0	0.5	49
37	50	19	10	30	1	0	0.05	94
37	5	25	10	30	0	0	0.85	14
37	100	19	10	30	1	0	0	98
37	20	31	10	30	0	0	0.35	64
37	10	25	10	30	1	0	0.5	49
37	1	43	10	30	0	0	1	1
37	1	19	10	30	1	0	1	1
37	50	31	10	30	0	0	0.05	94
37	100	43	10	30	1	0	0	98
37	10	37	10	30	0	0	0.5	49
37	20	25	10	30	1	0	0.35	64
37	5	43	10	30	0	0	0.85	14
38	100	31	10	30	0	0	0.1	88
38	50	31	10	30	0	0	0.3	69
38	10	43	10	30	1	0	0.7	29
38	5	19	10	30	1	0	0.8	19
38	1	19	10	30	1	0	1	1
38	20	31	10	30	1	0	0.6	39
38	100	43	10	30	0	0	0.1	88
38	5	25	10	30	1	0	0.8	19
38	10	25	10	30	0	0	0.7	29
38	1	37	10	30	1	0	1	1
38	50	25	10	30	0	0	0.3	69
38	20	37	10	30	0	0	0.6	39
38	10	19	10	30	1	0	0.7	29
38	20	43	10	30	0	0	0.6	39
38	100	19	10	30	0	0	0.1	88
38	50	43	10	30	0	0	0.3	69
38	5	31	10	30	1	0	0.8	19
38	1	43	10	30	0	0	1	1
38	20	19	10	30	1	0	0.6	39
38	10	31	10	30	0	0	0.7	29
38	50	19	10	30	0	0	0.3	69
38	100	25	10	30	0	0	0.1	88
38	5	43	10	30	0	0	0.8	19
38	1	31	10	30	1	0	1	1
38	20	25	10	30	1	0	0.6	39
38	10	37	10	30	0	0	0.7	29
38	5	37	10	30	1	0	0.8	19
38	100	37	10	30	0	0	0.1	88
38	50	37	10	30	0	0	0.3	69
38	1	25	10	30	1	0	1	1
38	10	19	20	20	1	1	0.7	29
38	100	19	20	20	1	1	0.1	88
38	1	31	20	20	1	1	1	1
38	5	25	20	20	1	1	0.8	19
38	20	25	20	20	1	1	0.6	39
38	50	37	20	20	0	1	0.3	69
38	100	31	20	20	0	1	0.1	88
38	5	19	20	20	1	1	0.8	19
38	20	37	20	20	0	1	0.6	39
38	50	43	20	20	0	1	0.3	69
38	1	37	20	20	1	1	1	1
38	10	43	20	20	0	1	0.7	29
38	50	31	20	20	0	1	0.3	69
38	100	43	20	20	0	1	0.1	88
38	10	31	20	20	1	1	0.7	29
38	5	31	20	20	1	1	0.8	19
38	20	19	20	20	1	1	0.6	39
38	1	43	20	20	0	1	1	1
38	5	43	20	20	0	1	0.8	19
38	1	19	20	20	1	1	1	1
38	10	25	20	20	1	1	0.7	29
38	50	25	20	20	1	1	0.3	69
38	20	31	20	20	1	1	0.6	39
38	100	37	20	20	0	1	0.1	88
38	100	25	20	20	0	1	0.1	88
38	1	25	20	20	1	1	1	1
38	10	37	20	20	0	1	0.7	29
38	50	19	20	20	1	1	0.3	69
38	5	37	20	20	0	1	0.8	19
38	20	43	20	20	0	1	0.6	39
38	1	19	10	30	1	0	1	1
38	20	31	10	30	0	0	0.6	39
38	10	43	10	30	0	0	0.7	29
38	5	31	10	30	1	0	0.8	19
38	50	37	10	30	0	0	0.3	69
38	100	19	10	30	0	0	0.1	88
38	50	25	10	30	0	0	0.3	69
38	100	43	10	30	0	0	0.1	88
38	5	25	10	30	1	0	0.8	19
38	10	25	10	30	1	0	0.7	29
38	1	43	10	30	0	0	1	1
38	20	25	10	30	0	0	0.6	39
38	100	25	10	30	0	0	0.1	88
38	5	37	10	30	0	0	0.8	19
38	20	19	10	30	1	0	0.6	39
38	1	25	10	30	1	0	1	1
38	50	31	10	30	0	0	0.3	69
38	10	19	10	30	1	0	0.7	29
38	20	43	10	30	0	0	0.6	39
38	5	43	10	30	0	0	0.8	19
38	10	37	10	30	0	0	0.7	29
38	100	37	10	30	0	0	0.1	88
38	50	43	10	30	0	0	0.3	69
38	1	31	10	30	1	0	1	1
38	20	37	10	30	0	0	0.6	39
38	1	37	10	30	1	0	1	1
38	50	19	10	30	1	0	0.3	69
38	5	19	10	30	1	0	0.8	19
38	10	31	10	30	0	0	0.7	29
38	100	31	10	30	0	0	0.1	88
38	20	31	20	20	1	1	0.6	39
38	5	31	20	20	1	1	0.8	19
38	100	37	20	20	0	1	0.1	88
38	10	19	20	20	1	1	0.7	29
38	50	31	20	20	0	1	0.3	69
38	1	19	20	20	1	1	1	1
38	10	37	20	20	0	1	0.7	29
38	5	37	20	20	0	1	0.8	19
38	1	25	20	20	1	1	1	1
38	50	37	20	20	0	1	0.3	69
38	100	19	20	20	1	1	0.1	88
38	20	19	20	20	1	1	0.6	39
38	5	19	20	20	1	1	0.8	19
38	100	43	20	20	0	1	0.1	88
38	50	43	20	20	0	1	0.3	69
38	10	31	20	20	1	1	0.7	29
38	1	31	20	20	1	1	1	1
38	20	43	20	20	0	1	0.6	39
38	50	25	20	20	0	1	0.3	69
38	1	37	20	20	1	1	1	1
38	5	43	20	20	0	1	0.8	19
38	20	37	20	20	0	1	0.6	39
38	10	25	20	20	1	1	0.7	29
38	100	25	20	20	0	1	0.1	88
38	1	43	20	20	1	1	1	1
38	10	43	20	20	0	1	0.7	29
38	50	19	20	20	1	1	0.3	69
38	20	25	20	20	1	1	0.6	39
38	5	25	20	20	1	1	0.8	19
38	100	31	20	20	0	1	0.1	88
39	100	25	20	20	0	1	0.01	97
39	5	37	20	20	1	1	0.87	12
39	50	43	20	20	0	1	0.15	84
39	20	31	20	20	0	1	0.33	66
39	10	31	20	20	1	1	0.74	25
39	1	25	20	20	1	1	1	1
39	100	19	20	20	0	1	0.01	97
39	1	31	20	20	1	1	1	1
39	5	25	20	20	1	1	0.87	12
39	20	37	20	20	0	1	0.33	66
39	10	19	20	20	1	1	0.74	25
39	50	31	20	20	0	1	0.15	84
39	5	43	20	20	1	1	0.87	12
39	10	25	20	20	1	1	0.74	25
39	50	37	20	20	0	1	0.15	84
39	100	37	20	20	0	1	0.01	97
39	1	37	20	20	1	1	1	1
39	20	19	20	20	0	1	0.33	66
39	20	43	20	20	0	1	0.33	66
39	1	19	20	20	1	1	1	1
39	100	43	20	20	0	1	0.01	97
39	10	37	20	20	1	1	0.74	25
39	50	19	20	20	1	1	0.15	84
39	5	31	20	20	1	1	0.87	12
39	1	43	20	20	1	1	1	1
39	5	19	20	20	1	1	0.87	12
39	10	43	20	20	0	1	0.74	25
39	50	25	20	20	0	1	0.15	84
39	100	31	20	20	0	1	0.01	97
39	20	25	20	20	0	1	0.33	66
39	10	37	10	30	1	0	0.74	25
39	100	25	10	30	0	0	0.01	97
39	5	31	10	30	1	0	0.87	12
39	20	43	10	30	0	0	0.33	66
39	50	37	10	30	0	0	0.15	84
39	1	25	10	30	1	0	1	1
39	5	25	10	30	1	0	0.87	12
39	10	43	10	30	0	0	0.74	25
39	1	37	10	30	1	0	1	1
39	50	43	10	30	0	0	0.15	84
39	20	37	10	30	0	0	0.33	66
39	100	31	10	30	0	0	0.01	97
39	10	31	10	30	1	0	0.74	25
39	100	19	10	30	0	0	0.01	97
39	5	19	10	30	1	0	0.87	12
39	1	19	10	30	1	0	1	1
39	50	31	10	30	0	0	0.15	84
39	20	31	10	30	0	0	0.33	66
39	10	25	10	30	1	0	0.74	25
39	50	19	10	30	0	0	0.15	84
39	20	25	10	30	0	0	0.33	66
39	1	43	10	30	1	0	1	1
39	100	37	10	30	0	0	0.01	97
39	5	37	10	30	1	0	0.87	12
39	1	31	10	30	1	0	1	1
39	20	19	10	30	0	0	0.33	66
39	50	25	10	30	0	0	0.15	84
39	5	43	10	30	1	0	0.87	12
39	100	43	10	30	0	0	0.01	97
39	10	19	10	30	1	0	0.74	25
39	50	19	20	20	0	1	0.15	84
39	10	31	20	20	1	1	0.74	25
39	100	43	20	20	0	1	0.01	97
39	20	37	20	20	0	1	0.33	66
39	5	25	20	20	1	1	0.87	12
39	1	43	20	20	1	1	1	1
39	20	31	20	20	0	1	0.33	66
39	1	31	20	20	1	1	1	1
39	50	25	20	20	0	1	0.15	84
39	5	19	20	20	1	1	0.87	12
39	100	31	20	20	0	1	0.01	97
39	10	25	20	20	1	1	0.74	25
39	5	31	20	20	1	1	0.87	12
39	50	37	20	20	0	1	0.15	84
39	100	37	20	20	0	1	0.01	97
39	1	25	20	20	1	1	1	1
39	20	25	20	20	0	1	0.33	66
39	10	37	20	20	1	1	0.74	25
39	10	43	20	20	0	1	0.74	25
39	100	25	20	20	0	1	0.01	97
39	50	43	20	20	0	1	0.15	84
39	20	43	20	20	0	1	0.33	66
39	5	43	20	20	1	1	0.87	12
39	1	19	20	20	1	1	1	1
39	20	19	20	20	0	1	0.33	66
39	100	19	20	20	0	1	0.01	97
39	10	19	20	20	1	1	0.74	25
39	50	31	20	20	0	1	0.15	84
39	5	37	20	20	1	1	0.87	12
39	1	37	20	20	1	1	1	1
39	1	25	10	30	1	0	1	1
39	100	31	10	30	0	0	0.01	97
39	50	19	10	30	0	0	0.15	84
39	20	43	10	30	0	0	0.33	66
39	10	43	10	30	0	0	0.74	25
39	5	25	10	30	1	0	0.87	12
39	10	37	10	30	1	0	0.74	25
39	20	31	10	30	0	0	0.33	66
39	100	43	10	30	0	0	0.01	97
39	5	19	10	30	1	0	0.87	12
39	1	19	10	30	1	0	1	1
39	50	43	10	30	0	0	0.15	84
39	20	25	10	30	0	0	0.33	66
39	5	37	10	30	1	0	0.87	12
39	100	19	10	30	0	0	0.01	97
39	10	19	10	30	1	0	0.74	25
39	1	37	10	30	1	0	1	1
39	50	25	10	30	0	0	0.15	84
39	20	19	10	30	0	0	0.33	66
39	50	37	10	30	0	0	0.15	84
39	1	43	10	30	1	0	1	1
39	5	43	10	30	1	0	0.87	12
39	100	25	10	30	0	0	0.01	97
39	10	31	10	30	1	0	0.74	25
39	50	31	10	30	0	0	0.15	84
39	10	25	10	30	1	0	0.74	25
39	5	31	10	30	1	0	0.87	12
39	100	37	10	30	0	0	0.01	97
39	1	31	10	30	1	0	1	1
39	20	37	10	30	0	0	0.33	66
40	5	37	10	30	1	0	0.9	9
40	10	31	10	30	1	0	0.81	18
40	20	31	10	30	1	0	0.8	19
40	1	25	10	30	1	0	1	1
40	50	25	10	30	1	0	0.3	69
40	100	25	10	30	1	0	0.2	78
40	20	43	10	30	1	0	0.8	19
40	100	19	10	30	1	0	0.2	78
40	50	19	10	30	1	0	0.3	69
40	1	43	10	30	1	0	1	1
40	5	31	10	30	1	0	0.9	9
40	10	43	10	30	1	0	0.81	18
40	100	31	10	30	1	0	0.2	78
40	50	37	10	30	1	0	0.3	69
40	20	25	10	30	1	0	0.8	19
40	5	43	10	30	1	0	0.9	9
40	1	19	10	30	1	0	1	1
40	10	37	10	30	1	0	0.81	18
40	5	25	10	30	1	0	0.9	9
40	100	43	10	30	0	0	0.2	78
40	10	19	10	30	1	0	0.81	18
40	50	31	10	30	1	0	0.3	69
40	1	31	10	30	1	0	1	1
40	20	19	10	30	1	0	0.8	19
40	5	19	10	30	1	0	0.9	9
40	1	37	10	30	1	0	1	1
40	20	37	10	30	1	0	0.8	19
40	50	43	10	30	0	0	0.3	69
40	100	37	10	30	1	0	0.2	78
40	10	25	10	30	1	0	0.81	18
40	20	19	10	30	1	0	0.8	19
40	1	25	10	30	1	0	1	1
40	50	31	10	30	1	0	0.3	69
40	10	37	10	30	1	0	0.81	18
40	5	25	10	30	1	0	0.9	9
40	100	43	10	30	0	0	0.2	78
40	100	25	10	30	1	0	0.2	78
40	5	37	10	30	1	0	0.9	9
40	1	19	10	30	1	0	1	1
40	20	37	10	30	1	0	0.8	19
40	10	43	10	30	1	0	0.81	18
40	50	37	10	30	1	0	0.3	69
40	100	37	10	30	1	0	0.2	78
40	5	31	10	30	1	0	0.9	9
40	20	43	10	30	1	0	0.8	19
40	50	19	10	30	1	0	0.3	69
40	1	31	10	30	1	0	1	1
40	10	25	10	30	1	0	0.81	18
40	50	25	10	30	1	0	0.3	69
40	1	43	10	30	1	0	1	1
40	20	31	10	30	1	0	0.8	19
40	100	19	10	30	1	0	0.2	78
40	10	19	10	30	1	0	0.81	18
40	5	43	10	30	1	0	0.9	9
40	100	31	10	30	1	0	0.2	78
40	10	31	10	30	1	0	0.81	18
40	50	43	10	30	0	0	0.3	69
40	20	25	10	30	1	0	0.8	19
40	5	19	10	30	1	0	0.9	9
40	1	37	10	30	1	0	1	1
40	1	43	20	20	1	1	1	1
40	50	43	20	20	0	1	0.3	69
40	5	25	20	20	1	1	0.9	9
40	20	37	20	20	1	1	0.8	19
40	10	19	20	20	1	1	0.81	18
40	100	31	20	20	1	1	0.2	78
40	100	19	20	20	1	1	0.2	78
40	10	37	20	20	1	1	0.81	18
40	20	43	20	20	1	1	0.8	19
40	50	25	20	20	1	1	0.3	69
40	1	25	20	20	1	1	1	1
40	5	37	20	20	1	1	0.9	9
40	10	25	20	20	1	1	0.81	18
40	50	31	20	20	1	1	0.3	69
40	5	43	20	20	1	1	0.9	9
40	20	25	20	20	1	1	0.8	19
40	100	43	20	20	0	1	0.2	78
40	1	31	20	20	1	1	1	1
40	1	19	20	20	1	1	1	1
40	5	19	20	20	1	1	0.9	9
40	20	19	20	20	1	1	0.8	19
40	10	43	20	20	1	1	0.81	18
40	50	19	20	20	1	1	0.3	69
40	100	25	20	20	1	1	0.2	78
40	10	31	20	20	1	1	0.81	18
40	20	31	20	20	1	1	0.8	19
40	100	37	20	20	1	1	0.2	78
40	1	37	20	20	1	1	1	1
40	5	31	20	20	1	1	0.9	9
40	50	37	20	20	1	1	0.3	69
40	5	37	20	20	0	1	0.9	9
40	10	31	20	20	1	1	0.81	18
40	100	25	20	20	0	1	0.2	78
40	20	37	20	20	1	1	0.8	19
40	50	43	20	20	1	1	0.3	69
40	1	43	20	20	1	1	1	1
40	20	19	20	20	0	1	0.8	19
40	1	25	20	20	1	1	1	1
40	50	31	20	20	0	1	0.3	69
40	100	43	20	20	0	1	0.2	78
40	10	43	20	20	0	1	0.81	18
40	5	19	20	20	1	1	0.9	9
40	50	19	20	20	0	1	0.3	69
40	5	31	20	20	1	1	0.9	9
40	10	37	20	20	0	1	0.81	18
40	100	37	20	20	1	1	0.2	78
40	20	31	20	20	0	1	0.8	19
40	1	37	20	20	1	1	1	1
40	10	25	20	20	0	1	0.81	18
40	20	43	20	20	1	1	0.8	19
40	50	37	20	20	0	1	0.3	69
40	1	31	20	20	1	1	1	1
40	5	25	20	20	0	1	0.9	9
40	100	19	20	20	1	1	0.2	78
40	5	43	20	20	0	1	0.9	9
40	100	31	20	20	1	1	0.2	78
40	1	19	20	20	0	1	1	1
40	10	19	20	20	1	1	0.81	18
40	20	25	20	20	0	1	0.8	19
40	50	25	20	20	1	1	0.3	69
41	100	31	20	20	0	1	0.01	97
41	10	19	20	20	1	1	0.65	34
41	5	25	20	20	0	1	0.75	24
41	50	25	20	20	0	1	0.15	84
41	1	43	20	20	1	1	1	1
41	20	43	20	20	0	1	0.5	49
41	20	37	20	20	0	1	0.5	49
41	5	43	20	20	0	1	0.75	24
41	50	19	20	20	1	1	0.15	84
41	1	37	20	20	1	1	1	1
41	100	25	20	20	0	1	0.01	97
41	10	25	20	20	0	1	0.65	34
41	50	43	20	20	0	1	0.15	84
41	10	43	20	20	0	1	0.65	34
41	20	19	20	20	1	1	0.5	49
41	100	43	20	20	0	1	0.01	97
41	5	37	20	20	0	1	0.75	24
41	1	31	20	20	1	1	1	1
41	1	19	20	20	1	1	1	1
41	20	25	20	20	0	1	0.5	49
41	100	19	20	20	1	1	0.01	97
41	5	19	20	20	1	1	0.75	24
41	50	31	20	20	0	1	0.15	84
41	10	37	20	20	0	1	0.65	34
41	1	25	20	20	1	1	1	1
41	100	37	20	20	0	1	0.01	97
41	5	31	20	20	0	1	0.75	24
41	20	31	20	20	0	1	0.5	49
41	50	37	20	20	0	1	0.15	84
41	10	31	20	20	0	1	0.65	34
41	1	31	10	30	1	0	1	1
41	50	19	10	30	1	0	0.15	84
41	5	19	10	30	1	0	0.75	24
41	100	19	10	30	1	0	0.01	97
41	10	43	10	30	0	0	0.65	34
41	20	43	10	30	0	0	0.5	49
41	5	25	10	30	0	0	0.75	24
41	10	25	10	30	0	0	0.65	34
41	50	31	10	30	0	0	0.15	84
41	20	31	10	30	0	0	0.5	49
41	1	43	10	30	1	0	1	1
41	100	31	10	30	0	0	0.01	97
41	5	43	10	30	0	0	0.75	24
41	20	25	10	30	0	0	0.5	49
41	100	25	10	30	0	0	0.01	97
41	1	25	10	30	1	0	1	1
41	50	25	10	30	0	0	0.15	84
41	10	31	10	30	0	0	0.65	34
41	1	37	10	30	1	0	1	1
41	20	19	10	30	1	0	0.5	49
41	5	31	10	30	0	0	0.75	24
41	10	19	10	30	1	0	0.65	34
41	50	37	10	30	0	0	0.15	84
41	100	43	10	30	0	0	0.01	97
41	20	37	10	30	0	0	0.5	49
41	50	43	10	30	0	0	0.15	84
41	1	19	10	30	1	0	1	1
41	100	37	10	30	0	0	0.01	97
41	10	37	10	30	0	0	0.65	34
41	5	37	10	30	0	0	0.75	24
41	10	31	10	30	0	0	0.65	34
41	20	31	10	30	0	0	0.5	49
41	1	19	10	30	1	0	1	1
41	5	31	10	30	0	0	0.75	24
41	100	31	10	30	0	0	0.01	97
41	50	37	10	30	0	0	0.15	84
41	20	37	10	30	0	0	0.5	49
41	10	19	10	30	0	0	0.65	34
41	50	25	10	30	0	0	0.15	84
41	100	37	10	30	0	0	0.01	97
41	1	25	10	30	1	0	1	1
41	5	19	10	30	0	0	0.75	24
41	50	43	10	30	0	0	0.15	84
41	100	43	10	30	0	0	0.01	97
41	20	19	10	30	0	0	0.5	49
41	10	37	10	30	0	0	0.65	34
41	1	31	10	30	1	0	1	1
41	5	37	10	30	0	0	0.75	24
41	50	31	10	30	0	0	0.15	84
41	20	25	10	30	0	0	0.5	49
41	10	25	10	30	0	0	0.65	34
41	100	25	10	30	0	0	0.01	97
41	5	25	10	30	0	0	0.75	24
41	1	43	10	30	1	0	1	1
41	100	19	10	30	0	0	0.01	97
41	20	43	10	30	0	0	0.5	49
41	50	19	10	30	0	0	0.15	84
41	10	43	10	30	0	0	0.65	34
41	5	43	10	30	0	0	0.75	24
41	1	37	10	30	1	0	1	1
41	100	37	20	20	0	1	0.01	97
41	10	37	20	20	0	1	0.65	34
41	1	19	20	20	1	1	1	1
41	5	37	20	20	0	1	0.75	24
41	20	37	20	20	0	1	0.5	49
41	50	25	20	20	0	1	0.15	84
41	10	19	20	20	1	1	0.65	34
41	20	25	20	20	0	1	0.5	49
41	50	37	20	20	0	1	0.15	84
41	100	25	20	20	0	1	0.01	97
41	5	43	20	20	0	1	0.75	24
41	1	31	20	20	1	1	1	1
41	100	31	20	20	0	1	0.01	97
41	1	25	20	20	1	1	1	1
41	5	31	20	20	0	1	0.75	24
41	50	19	20	20	1	1	0.15	84
41	10	43	20	20	0	1	0.65	34
41	20	43	20	20	0	1	0.5	49
41	5	25	20	20	0	1	0.75	24
41	10	25	20	20	0	1	0.65	34
41	20	19	20	20	1	1	0.5	49
41	1	37	20	20	1	1	1	1
41	100	43	20	20	0	1	0.01	97
41	50	43	20	20	0	1	0.15	84
41	50	31	20	20	0	1	0.15	84
41	20	31	20	20	0	1	0.5	49
41	10	31	20	20	0	1	0.65	34
41	100	19	20	20	1	1	0.01	97
41	5	19	20	20	1	1	0.75	24
41	1	43	20	20	1	1	1	1
